Workbook
Name DM_ViTri: 'Danh mục'!$B$6:$B$29
Name DM_Tang: 'Danh mục'!$C$6:$C$30
Name DM_PhanLoai: 'Danh mục'!$D$6:$D$13
Name DM_CapDo: 'Danh mục'!$E$6:$E$9
Name DM_TT_PA: 'Danh mục'!$F$6:$F$9
Name DM_TT_CV: 'Danh mục'!$G$6:$G$10
Name DM_Loai: 'Danh mục'!$H$6:$H$7
Name DM_Nhom: 'Danh mục'!$I$6:$I$12
Name DM_TanSuat: 'Danh mục'!$J$6:$J$12
Name DM_TanSuatNgay: 'Danh mục'!$K$6:$K$12
Name DM_TanSuatThang: 'Danh mục'!$L$6:$L$12
Name DM_TVBQT: OFFSET('Danh mục'!$M$6,0,0,MAX(1,COUNTA('Danh mục'!$M$6:$M$20)),1)
Name DM_DonVi: OFFSET('Danh mục'!$N$6,0,0,MAX(1,COUNTA('Danh mục'!$N$6:$N$30)),1)
Name DanhSachMa: OFFSET('Danh mục'!$P$6,0,0,MAX(1,COUNTA('Phản ánh'!$A$6:$A$505)+COUNTA('Kế hoạch'!$A$6:$A$305)),1)
Name DS_PA: OFFSET('Phản ánh'!$A$6,0,0,MAX(1,COUNTA('Phản ánh'!$A$6:$A$505)),1)
Name DM_PhuTrach: OFFSET('Danh mục'!$R$6,0,0,MAX(1,COUNTA('Danh mục'!$R$6:$R$17)),1)
Name DM_ThucHien: OFFSET('Danh mục'!$V$6,0,0,MAX(1,COUNTA('Danh mục'!$V$6:$V$35)),1)
Name DM_Kenh: OFFSET('Danh mục'!$Z$6,0,0,MAX(1,COUNTA('Danh mục'!$Z$6:$Z$17)),1)
Name DM_SLA_Cap: 'Danh mục'!$AB$6:$AB$9
Name DM_SLA_Gio: 'Danh mục'!$AC$6:$AC$9
Name DM_DonViTG: 'Danh mục'!$AE$6:$AE$7
Name TDBC: 'Tổng quan'!$AH$3
Name NgayBC: INT('Tổng quan'!$AH$3)

Sheet Hướng dẫn
B1: HƯỚNG DẪN SỬ DỤNG
B2: Bảng điều hành Saigon South Residences: phản ánh cư dân và kế hoạch bảo trì, vệ sinh, cảnh quan
B4: File dùng để ghi nhận phản ánh của cư dân, lập kế hoạch vận hành và theo dõi tiến độ xử lý. Mọi con số, biểu đồ và sơ đồ ở tab Tổng quan tự thay đổi ngay khi nhập dữ liệu mới, không cần thao tác thêm.
B6: 1 | C6: Các tab trong file
C7: Tab | D7: Công dụng | E7: Người nhập
C8: Hướng dẫn | D8: Tài liệu hướng dẫn này. | E8: Chỉ đọc
C9: Tổng quan | D9: Bảng điều hành: thẻ chỉ số, tóm tắt tự động, lịch 14 ngày, 6 biểu đồ, sơ đồ 6 block, bảng theo khu vực, danh sách cần chú ý, thời gian xử lý và deadline, bảng theo người phụ trách, chi phí. | E9: Tự động; chỉ đổi Thời điểm báo cáo khi cần
C10: Báo cáo tuần | D10: Trang tóm tắt khổ A4 để in hoặc lưu PDF khi họp: chỉ số chính, việc cần chú ý, bảng theo người phụ trách, lời nhắn chưa phản hồi. Tự cập nhật. | E10: Không sửa
C11: Phản ánh | D11: Sổ ghi phản ánh: thời điểm ghi nhận, kênh, căn hộ, nội dung, vị trí, người phụ trách, người thực hiện, thời gian ước tính, deadline. | E11: Ban Quản lý, TV BQT
C12: Kế hoạch | D12: Kế hoạch bảo trì, vệ sinh, cảnh quan: việc định kỳ lặp theo tần suất và việc đột xuất, kèm người phụ trách, ước tính, dự toán và chi phí. | E12: Ban Quản lý
C13: Nhật ký tiến độ | D13: Mỗi lần cập nhật tiến độ ghi một dòng kèm thời điểm. Đây là nguồn của trạng thái, tiến độ và thời điểm xử lý xong. | E13: Người phụ trách từng việc
C14: Lời nhắn | D14: Lời nhắn của người xem gửi Ban Quản lý và phần phản hồi. Không liên kết với phản ánh, kế hoạch hay số liệu tổng quan. | E14: Người xem (cột B đến F), Ban Quản lý (cột G đến J)
C15: Danh mục | D15: Danh sách thả xuống: TV BQT, đơn vị, người phụ trách, người thực hiện, kênh tiếp nhận, thời hạn chuẩn theo cấp độ khẩn. | E15: Thư ký BQT
C16: Số liệu | D16: Bảng số tự tính để vẽ biểu đồ. | E16: Không sửa
B17: • | C17: Màu của từng tab dưới đáy cửa sổ trùng với màu ở cột Tab bên trên để dễ nhận ra.
B19: 2 | C19: Quy trình mỗi ngày
B20: 1 | C20: Có phản ánh mới: thêm một dòng ở tab Phản ánh, dùng mã ở ô Mã gợi ý tiếp theo (ô nền vàng phía trên bảng), ghi thời điểm ghi nhận, người phụ trách và người thực hiện.
B21: 2 | C21: Có việc cần làm: thêm một dòng ở tab Kế hoạch, chọn Định kỳ hoặc Đột xuất.
B22: 3 | C22: Có tiến triển: ghi một dòng mới ở tab Nhật ký tiến độ gồm thời điểm, mã, phần trăm hoàn thành và trạng thái. Dòng Đã xử lý hoặc Hoàn thành chính là thời điểm xử lý xong.
B23: 4 | C23: Mở tab Tổng quan xem số liệu đã cập nhật, dùng hai danh sách Cần chú ý và bảng Theo người phụ trách để đôn đốc.
B25: 3 | C25: Nhập phản ánh
B26: • | C26: Ô nền trắng là ô nhập. Cột có tiêu đề xám tự tính, không gõ đè lên.
B27: • | C27: Mỗi phản ánh một mã không trùng, ví dụ PA-012. Mã bị trùng sẽ tô đỏ.
B28: • | C28: Thời điểm ghi nhận nhập dạng dd/mm/yyyy hh:mm. Cách nhanh nhất: nhấn Ctrl+; để điền ngày hôm nay, gõ một dấu cách, rồi nhấn Ctrl+Shift+; để điền giờ hiện tại.
B29: • | C29: Kênh tiếp nhận (Zalo nhóm cư dân, hotline, trực tiếp, email, hộp thư góp ý, họp cư dân, BQL tự phát hiện) và Người phản ánh, căn hộ giúp liên hệ lại cư dân khi xử lý xong.
B30: • | C30: Người phụ trách là người chịu trách nhiệm chính và theo dõi đến khi xong; Người thực hiện trực tiếp là người bắt tay xử lý. Chọn trong danh sách (tab Danh mục, cột R và V) hoặc gõ tên khác; bảng Theo người phụ trách trên Tổng quan tự lấy tên từ dữ liệu. Gõ tên thống nhất để không bị tách thành hai người.
... B109: • | C109: Nên lưu một bản sao dự phòng mỗi tuần.
B111: Ban Quản trị Saigon South Residences

Sheet Tổng quan
F2: SAIGON SOUTH RESIDENCES | AH2: THỜI ĐIỂM BÁO CÁO
AH3: =NOW()
F4: =IF(SUM($AE$110:$AE$122)=0,IF($AR$8+$AS$8=0,"Chưa có việc nào quá hạn.","Không có việc nào quá hạn; "&TEXT($AR$8/($AR$8+$AS$8),"0%")&" việc xong trong 30 ngày qua là đúng hạn."),IF(MAX($AE$110:$AE$121)/SUM($AE$110:$AE$122)>=0.35,"Một người phụ trách đang giữ "&MAX($AE$110:$AE$121)&" trên "&SUM($AE$110:$AE$122)&" việc quá hạn, tức "&TEXT(MAX($AE$110:$AE$121)/SUM($AE$110:$AE$122),"0%")&IF(MAX($AE$110:$AE$121)/SUM($AE$110:$AE$122)>0.5,"; gỡ được chỗ nghẽn này là gỡ hơn một nửa số việc trễ.",IF(MAX($AE$110:$AE$121)/SUM($AE$110:$AE$122)>=0.45,", gần một nửa số việc trễ.",".")),IF($AR$8+$AS$8>0,"Trong 30 ngày qua, "&TEXT($AR$8/($AR$8+$AS$8),"0%")&" việc xong đúng hạn, nhưng "&SUM($AE$110:$AE$122)&" việc đang quá hạn.",SUM($AE$110:$AE$122)&" việc đang quá hạn.")))
F5: ="Bảng điều hành phản ánh cư dân và kế hoạch vận hành; số liệu tự cập nhật, tính đến "&TEXT(TDBC,"hh:mm")&" ngày "&TEXT(TDBC,"dd/mm/yyyy")&"."&IF('Lời nhắn'!$I$3>0," Có "&'Lời nhắn'!$I$3&" lời nhắn chưa phản hồi.","") | AH5: =CHOOSE(WEEKDAY(NgayBC),"Chủ nhật","Thứ Hai","Thứ Ba","Thứ Tư","Thứ Năm","Thứ Sáu","Thứ Bảy")
B7: =IF(AQ7+AR7+AS7+AT7=0,"KHÔNG CÓ VIỆC QUÁ HẠN. Mọi phản ánh và công việc đang trong hạn.","BÁO ĐỘNG: "&(AQ7+AR7+AS7+AT7)&" việc quá hạn, gồm "&LEFT(AU7,LEN(AU7)-2)&". Xem danh sách Cần chú ý; báo động tự tắt khi Nhật ký ghi hoàn thành.") | AH7: ="CHỈ SỐ "&AT8&"/100: "&IF(AT8>=85,"Tốt",IF(AT8>=70,"Ổn định",IF(AT8>=50,"Cần chú ý","Báo động"))) | AQ7: =COUNTIF('Phản ánh'!$AO$6:$AO$505,4)+COUNTIF('Kế hoạch'!$BB$6:$BB$305,4) | AR7: =COUNTIF('Phản ánh'!$AO$6:$AO$505,3)+COUNTIF('Kế hoạch'!$BB$6:$BB$305,3) | AS7: =COUNTIF('Phản ánh'!$AO$6:$AO$505,2)+COUNTIF('Kế hoạch'!$BB$6:$BB$305,2) | AT7: =COUNTIF('Phản ánh'!$AO$6:$AO$505,1)+COUNTIF('Kế hoạch'!$BB$6:$BB$305,1) | AU7: =IF(AQ7>0,AQ7&" báo động đỏ, ","")&IF(AR7>0,AR7&" báo động, ","")&IF(AS7>0,AS7&" cảnh báo, ","")&IF(AT7>0,AT7&" nhắc nhở, ","")
B8: PHẢN ÁNH CƯ DÂN | V8: KẾ HOẠCH VẬN HÀNH | AQ8: =COUNTIF('Phản ánh'!$Y$6:$Y$505,"Chậm tiến độ")+COUNTIF('Kế hoạch'!$AD$6:$AD$305,"Chậm tiến độ") | AR8: =COUNTIFS('Phản ánh'!$AE$6:$AE$505,"Đúng hạn",'Phản ánh'!$AA$6:$AA$505,">="&(TDBC-30))+COUNTIFS('Kế hoạch'!$AH$6:$AH$305,"Đúng hạn",'Kế hoạch'!$X$6:$X$305,">="&(TDBC-30))+COUNTIFS('Nhật ký tiến độ'!$E$6:$E$3005,"Hoàn thành kỳ",'Nhật ký tiến độ'!$M$6:$M$3005,"Đúng hạn",'Nhật ký tiến độ'!$B$6:$B$3005,">="&(TDBC-30)) | AS8: =COUNTIFS('Phản ánh'!$AE$6:$AE$505,"Trễ hạn",'Phản ánh'!$AA$6:$AA$505,">="&(TDBC-30))+COUNTIFS('Kế hoạch'!$AH$6:$AH$305,"Trễ hạn",'Kế hoạch'!$X$6:$X$305,">="&(TDBC-30))+COUNTIFS('Nhật ký tiến độ'!$E$6:$E$3005,"Hoàn thành kỳ",'Nhật ký tiến độ'!$M$6:$M$3005,"Trễ hạn",'Nhật ký tiến độ'!$B$6:$B$3005,">="&(TDBC-30)) | AT8: =MAX(0,ROUND(100-MIN(60,15*AQ7+10*AR7+5*AS7+2*AT7)-MIN(15,2*AQ8)-IF(AR8+AS8=0,0,MIN(25,(1-AR8/(AR8+AS8))*50)),0))
B10: TỒN ĐỌNG | G10: QUÁ HẠN | L10: CHẬM TIẾN ĐỘ | Q10: TIẾN ĐỘ BÌNH QUÂN | V10: ĐẾN HẠN HÔM NAY | AA10: TRONG 7 NGÀY TỚI | AF10: QUÁ HẠN | AK10: ĐÚNG HẠN 30 NGÀY
B11: =COUNTIFS('Phản ánh'!$A$6:$A$505,"?*",'Phản ánh'!$V$6:$V$505,"<>Đã xử lý") | G11: =COUNTIF('Phản ánh'!$Y$6:$Y$505,"Quá hạn") | L11: =COUNTIF('Phản ánh'!$Y$6:$Y$505,"Chậm tiến độ") | Q11: =IFERROR(AVERAGEIFS('Phản ánh'!$W$6:$W$505,'Phản ánh'!$A$6:$A$505,"?*",'Phản ánh'!$V$6:$V$505,"<>Đã xử lý"),0) | V11: =COUNTIFS('Kế hoạch'!$AO$6:$AO$305,1,'Kế hoạch'!$AP$6:$AP$305,NgayBC,'Kế hoạch'!$AR$6:$AR$305,0) | AA11: =COUNTIFS('Kế hoạch'!$AO$6:$AO$305,1,'Kế hoạch'!$AR$6:$AR$305,0,'Kế hoạch'!$AP$6:$AP$305,">="&NgayBC,'Kế hoạch'!$AP$6:$AP$305,"<="&(NgayBC+7)) | AF11: =COUNTIF('Kế hoạch'!$AD$6:$AD$305,"Quá hạn") | AK11: =IFERROR(COUNTIFS('Nhật ký tiến độ'!$I$6:$I$3005,"Công việc",'Nhật ký tiến độ'!$M$6:$M$3005,"Đúng hạn",'Nhật ký tiến độ'!$B$6:$B$3005,">="&(NgayBC-30),'Nhật ký tiến độ'!$B$6:$B$3005,"<="&TDBC)/(COUNTIFS('Nhật ký tiến độ'!$I$6:$I$3005,"Công việc",'Nhật ký tiến độ'!$M$6:$M$3005,"Đúng hạn",'Nhật ký tiến độ'!$B$6:$B$3005,">="&(NgayBC-30),'Nhật ký tiến độ'!$B$6:$B$3005,"<="&TDBC)+COUNTIFS('Nhật ký tiến độ'!$I$6:$I$3005,"Công việc",'Nhật ký tiến độ'!$M$6:$M$3005,"Trễ hạn",'Nhật ký tiến độ'!$B$6:$B$3005,">="&(NgayBC-30),'Nhật ký tiến độ'!$B$6:$B$3005,"<="&TDBC)),0)
B13: ="trên tổng "&COUNTIF('Phản ánh'!$A$6:$A$505,"?*")&" phản ánh" | G13: ="khẩn cấp chưa xong: "&COUNTIFS('Phản ánh'!$J$6:$J$505,"Khẩn cấp",'Phản ánh'!$V$6:$V$505,"<>Đã xử lý",'Phản ánh'!$A$6:$A$505,"?*") | L13: thấp hơn kế hoạch từ 20 điểm % | Q13: ="đã xử lý xong "&TEXT(IFERROR(COUNTIF('Phản ánh'!$V$6:$V$505,"Đã xử lý")/COUNTIF('Phản ánh'!$A$6:$A$505,"?*"),0),"0%")&" số phản ánh" | V13: ="cộng "&SUM('Kế hoạch'!$AR$6:$AR$305)&" việc hằng ngày" | AA13: việc định kỳ và đột xuất | AF13: ="đột xuất đang mở: "&COUNTIFS('Kế hoạch'!$B$6:$B$305,"Đột xuất",'Kế hoạch'!$AO$6:$AO$305,1) | AK13: =COUNTIFS('Nhật ký tiến độ'!$I$6:$I$3005,"Công việc",'Nhật ký tiến độ'!$M$6:$M$3005,"Đúng hạn",'Nhật ký tiến độ'!$B$6:$B$3005,">="&(NgayBC-30),'Nhật ký tiến độ'!$B$6:$B$3005,"<="&TDBC)&" trên "&(COUNTIFS('Nhật ký tiến độ'!$I$6:$I$3005,"Công việc",'Nhật ký tiến độ'!$M$6:$M$3005,"Đúng hạn",'Nhật ký tiến độ'!$B$6:$B$3005,">="&(NgayBC-30),'Nhật ký tiến độ'!$B$6:$B$3005,"<="&TDBC)+COUNTIFS('Nhật ký tiến độ'!$I$6:$I$3005,"Công việc",'Nhật ký tiến độ'!$M$6:$M$3005,"Trễ hạn",'Nhật ký tiến độ'!$B$6:$B$3005,">="&(NgayBC-30),'Nhật ký tiến độ'!$B$6:$B$3005,"<="&TDBC))&" lần hoàn thành công việc"
B15: ="Phản ánh cư dân: đang tồn đọng "&B11&" trên "&COUNTIF('Phản ánh'!$A$6:$A$505,"?*")&" phản ánh, tiến độ bình quân "&TEXT(Q11,"0%")&"; "&G11&" phản ánh quá hạn và "&L11&" phản ánh chậm tiến độ cần đôn đốc."
B16: ="Kế hoạch vận hành: "&V11&" việc đến hạn hôm nay, "&AA11&" việc trong 7 ngày tới, "&AF11&" việc quá hạn; tỷ lệ hoàn thành đúng hạn 30 ngày qua đạt "&TEXT(AK11,"0%")&"."
B18: LỊCH 14 NGÀY TỚI
B19: Chưa làm | E19: Hôm nay | G19: =CHOOSE(WEEKDAY(G20),"CN","T2","T3","T4","T5","T6","T7") | I19: =CHOOSE(WEEKDAY(I20),"CN","T2","T3","T4","T5","T6","T7") | K19: =CHOOSE(WEEKDAY(K20),"CN","T2","T3","T4","T5","T6","T7") | M19: =CHOOSE(WEEKDAY(M20),"CN","T2","T3","T4","T5","T6","T7") | O19: =CHOOSE(WEEKDAY(O20),"CN","T2","T3","T4","T5","T6","T7") | Q19: =CHOOSE(WEEKDAY(Q20),"CN","T2","T3","T4","T5","T6","T7") | S19: =CHOOSE(WEEKDAY(S20),"CN","T2","T3","T4","T5","T6","T7") | U19: =CHOOSE(WEEKDAY(U20),"CN","T2","T3","T4","T5","T6","T7") | W19: =CHOOSE(WEEKDAY(W20),"CN","T2","T3","T4","T5","T6","T7") | Y19: =CHOOSE(WEEKDAY(Y20),"CN","T2","T3","T4","T5","T6","T7") | AA19: =CHOOSE(WEEKDAY(AA20),"CN","T2","T3","T4","T5","T6","T7") | AC19: =CHOOSE(WEEKDAY(AC20),"CN","T2","T3","T4","T5","T6","T7") | AE19: =CHOOSE(WEEKDAY(AE20),"CN","T2","T3","T4","T5","T6","T7") | AH19: VIỆC HẰNG NGÀY
B20: Quá hạn | E20: =NgayBC+0 | G20: =NgayBC+1 | I20: =NgayBC+2 | K20: =NgayBC+3 | M20: =NgayBC+4 | O20: =NgayBC+5 | Q20: =NgayBC+6 | S20: =NgayBC+7 | U20: =NgayBC+8 | W20: =NgayBC+9 | Y20: =NgayBC+10 | AA20: =NgayBC+11 | AC20: =NgayBC+12 | AE20: =NgayBC+13 | AH20: =SUM('Kế hoạch'!$AR$6:$AR$305)&" việc"
B21: =COUNTIF('Kế hoạch'!$AD$6:$AD$305,"Quá hạn") | E21: =SUMPRODUCT(('Kế hoạch'!$AO$6:$AO$305=1)*('Kế hoạch'!$AQ$6:$AQ$305>0)*('Kế hoạch'!$AP$6:$AP$305>0)*(E$20>='Kế hoạch'!$AP$6:$AP$305)*(MOD(E$20-'Kế hoạch'!$AP$6:$AP$305,'Kế hoạch'!$AQ$6:$AQ$305+('Kế hoạch'!$AQ$6:$AQ$305=0))=0))+SUMPRODUCT(('Kế hoạch'!$AO$6:$AO$305=1)*('Kế hoạch'!$AQ$6:$AQ$305=0)*('Kế hoạch'!$AR$6:$AR$305=0)*('Kế hoạch'!$AP$6:$AP$305=E$20)) | G21: =SUMPRODUCT(('Kế hoạch'!$AO$6:$AO$305=1)*('Kế hoạch'!$AQ$6:$AQ$305>0)*('Kế hoạch'!$AP$6:$AP$305>0)*(G$20>='Kế hoạch'!$AP$6:$AP$305)*(MOD(G$20-'Kế hoạch'!$AP$6:$AP$305,'Kế hoạch'!$AQ$6:$AQ$305+('Kế hoạch'!$AQ$6:$AQ$305=0))=0))+SUMPRODUCT(('Kế hoạch'!$AO$6:$AO$305=1)*('Kế hoạch'!$AQ$6:$AQ$305=0)*('Kế hoạch'!$AR$6:$AR$305=0)*('Kế hoạch'!$AP$6:$AP$305=G$20)) | I21: =SUMPRODUCT(('Kế hoạch'!$AO$6:$AO$305=1)*('Kế hoạch'!$AQ$6:$AQ$305>0)*('Kế hoạch'!$AP$6:$AP$305>0)*(I$20>='Kế hoạch'!$AP$6:$AP$305)*(MOD(I$20-'Kế hoạch'!$AP$6:$AP$305,'Kế hoạch'!$AQ$6:$AQ$305+('Kế hoạch'!$AQ$6:$AQ$305=0))=0))+SUMPRODUCT(('Kế hoạch'!$AO$6:$AO$305=1)*('Kế hoạch'!$AQ$6:$AQ$305=0)*('Kế hoạch'!$AR$6:$AR$305=0)*('Kế hoạch'!$AP$6:$AP$305=I$20)) | K21: =SUMPRODUCT(('Kế hoạch'!$AO$6:$AO$305=1)*('Kế hoạch'!$AQ$6:$AQ$305>0)*('Kế hoạch'!$AP$6:$AP$305>0)*(K$20>='Kế hoạch'!$AP$6:$AP$305)*(MOD(K$20-'Kế hoạch'!$AP$6:$AP$305,'Kế hoạch'!$AQ$6:$AQ$305+('Kế hoạch'!$AQ$6:$AQ$305=0))=0))+SUMPRODUCT(('Kế hoạch'!$AO$6:$AO$305=1)*('Kế hoạch'!$AQ$6:$AQ$305=0)*('Kế hoạch'!$AR$6:$AR$305=0)*('Kế hoạch'!$AP$6:$AP$305=K$20)) | M21: =SUMPRODUCT(('Kế hoạch'!$AO$6:$AO$305=1)*('Kế hoạch'!$AQ$6:$AQ$305>0)*('Kế hoạch'!$AP$6:$AP$305>0)*(M$20>='Kế hoạch'!$AP$6:$AP$305)*(MOD(M$20-'Kế hoạch'!$AP$6:$AP$305,'Kế hoạch'!$AQ$6:$AQ$305+('Kế hoạch'!$AQ$6:$AQ$305=0))=0))+SUMPRODUCT(('Kế hoạch'!$AO$6:$AO$305=1)*('Kế hoạch'!$AQ$6:$AQ$305=0)*('Kế hoạch'!$AR$6:$AR$305=0)*('Kế hoạch'!$AP$6:$AP$305=M$20)) | O21: =SUMPRODUCT(('Kế hoạch'!$AO$6:$AO$305=1)*('Kế hoạch'!$AQ$6:$AQ$305>0)*('Kế hoạch'!$AP$6:$AP$305>0)*(O$20>='Kế hoạch'!$AP$6:$AP$305)*(MOD(O$20-'Kế hoạch'!$AP$6:$AP$305,'Kế hoạch'!$AQ$6:$AQ$305+('Kế hoạch'!$AQ$6:$AQ$305=0))=0))+SUMPRODUCT(('Kế hoạch'!$AO$6:$AO$305=1)*('Kế hoạch'!$AQ$6:$AQ$305=0)*('Kế hoạch'!$AR$6:$AR$305=0)*('Kế hoạch'!$AP$6:$AP$305=O$20)) | Q21: =SUMPRODUCT(('Kế hoạch'!$AO$6:$AO$305=1)*('Kế hoạch'!$AQ$6:$AQ$305>0)*('Kế hoạch'!$AP$6:$AP$305>0)*(Q$20>='Kế hoạch'!$AP$6:$AP$305)*(MOD(Q$20-'Kế hoạch'!$AP$6:$AP$305,'Kế hoạch'!$AQ$6:$AQ$305+('Kế hoạch'!$AQ$6:$AQ$305=0))=0))+SUMPRODUCT(('Kế hoạch'!$AO$6:$AO$305=1)*('Kế hoạch'!$AQ$6:$AQ$305=0)*('Kế hoạch'!$AR$6:$AR$305=0)*('Kế hoạch'!$AP$6:$AP$305=Q$20)) | S21: =SUMPRODUCT(('Kế hoạch'!$AO$6:$AO$305=1)*('Kế hoạch'!$AQ$6:$AQ$305>0)*('Kế hoạch'!$AP$6:$AP$305>0)*(S$20>='Kế hoạch'!$AP$6:$AP$305)*(MOD(S$20-'Kế hoạch'!$AP$6:$AP$305,'Kế hoạch'!$AQ$6:$AQ$305+('Kế hoạch'!$AQ$6:$AQ$305=0))=0))+SUMPRODUCT(('Kế hoạch'!$AO$6:$AO$305=1)*('Kế hoạch'!$AQ$6:$AQ$305=0)*('Kế hoạch'!$AR$6:$AR$305=0)*('Kế hoạch'!$AP$6:$AP$305=S$20)) | U21: =SUMPRODUCT(('Kế hoạch'!$AO$6:$AO$305=1)*('Kế hoạch'!$AQ$6:$AQ$305>0)*('Kế hoạch'!$AP$6:$AP$305>0)*(U$20>='Kế hoạch'!$AP$6:$AP$305)*(MOD(U$20-'Kế hoạch'!$AP$6:$AP$305,'Kế hoạch'!$AQ$6:$AQ$305+('Kế hoạch'!$AQ$6:$AQ$305=0))=0))+SUMPRODUCT(('Kế hoạch'!$AO$6:$AO$305=1)*('Kế hoạch'!$AQ$6:$AQ$305=0)*('Kế hoạch'!$AR$6:$AR$305=0)*('Kế hoạch'!$AP$6:$AP$305=U$20)) | W21: =SUMPRODUCT(('Kế hoạch'!$AO$6:$AO$305=1)*('Kế hoạch'!$AQ$6:$AQ$305>0)*('Kế hoạch'!$AP$6:$AP$305>0)*(W$20>='Kế hoạch'!$AP$6:$AP$305)*(MOD(W$20-'Kế hoạch'!$AP$6:$AP$305,'Kế hoạch'!$AQ$6:$AQ$305+('Kế hoạch'!$AQ$6:$AQ$305=0))=0))+SUMPRODUCT(('Kế hoạch'!$AO$6:$AO$305=1)*('Kế hoạch'!$AQ$6:$AQ$305=0)*('Kế hoạch'!$AR$6:$AR$305=0)*('Kế hoạch'!$AP$6:$AP$305=W$20)) | Y21: =SUMPRODUCT(('Kế hoạch'!$AO$6:$AO$305=1)*('Kế hoạch'!$AQ$6:$AQ$305>0)*('Kế hoạch'!$AP$6:$AP$305>0)*(Y$20>='Kế hoạch'!$AP$6:$AP$305)*(MOD(Y$20-'Kế hoạch'!$AP$6:$AP$305,'Kế hoạch'!$AQ$6:$AQ$305+('Kế hoạch'!$AQ$6:$AQ$305=0))=0))+SUMPRODUCT(('Kế hoạch'!$AO$6:$AO$305=1)*('Kế hoạch'!$AQ$6:$AQ$305=0)*('Kế hoạch'!$AR$6:$AR$305=0)*('Kế hoạch'!$AP$6:$AP$305=Y$20)) | AA21: =SUMPRODUCT(('Kế hoạch'!$AO$6:$AO$305=1)*('Kế hoạch'!$AQ$6:$AQ$305>0)*('Kế hoạch'!$AP$6:$AP$305>0)*(AA$20>='Kế hoạch'!$AP$6:$AP$305)*(MOD(AA$20-'Kế hoạch'!$AP$6:$AP$305,'Kế hoạch'!$AQ$6:$AQ$305+('Kế hoạch'!$AQ$6:$AQ$305=0))=0))+SUMPRODUCT(('Kế hoạch'!$AO$6:$AO$305=1)*('Kế hoạch'!$AQ$6:$AQ$305=0)*('Kế hoạch'!$AR$6:$AR$305=0)*('Kế hoạch'!$AP$6:$AP$305=AA$20)) | AC21: =SUMPRODUCT(('Kế hoạch'!$AO$6:$AO$305=1)*('Kế hoạch'!$AQ$6:$AQ$305>0)*('Kế hoạch'!$AP$6:$AP$305>0)*(AC$20>='Kế hoạch'!$AP$6:$AP$305)*(MOD(AC$20-'Kế hoạch'!$AP$6:$AP$305,'Kế hoạch'!$AQ$6:$AQ$305+('Kế hoạch'!$AQ$6:$AQ$305=0))=0))+SUMPRODUCT(('Kế hoạch'!$AO$6:$AO$305=1)*('Kế hoạch'!$AQ$6:$AQ$305=0)*('Kế hoạch'!$AR$6:$AR$305=0)*('Kế hoạch'!$AP$6:$AP$305=AC$20)) | AE21: =SUMPRODUCT(('Kế hoạch'!$AO$6:$AO$305=1)*('Kế hoạch'!$AQ$6:$AQ$305>0)*('Kế hoạch'!$AP$6:$AP$305>0)*(AE$20>='Kế hoạch'!$AP$6:$AP$305)*(MOD(AE$20-'Kế hoạch'!$AP$6:$AP$305,'Kế hoạch'!$AQ$6:$AQ$305+('Kế hoạch'!$AQ$6:$AQ$305=0))=0))+SUMPRODUCT(('Kế hoạch'!$AO$6:$AO$305=1)*('Kế hoạch'!$AQ$6:$AQ$305=0)*('Kế hoạch'!$AR$6:$AR$305=0)*('Kế hoạch'!$AP$6:$AP$305=AE$20)) | AH21: lặp lại mỗi ngày, không tính vào các ô ngày
B23: BIỂU ĐỒ PHÂN TÍCH
B60: SƠ ĐỒ KHU VỰC | AB60: THEO KHU VỰC
B61: Mỗi tháp là một block 23 tầng. Ô đỏ: phản ánh khẩn cấp hoặc mức cao; ô cam: mức trung bình hoặc thấp; con số là số phản ánh đang mở. Ô vàng ghi CV: tầng có công việc đang triển khai. | AB61: Phản ánh đang mở, công việc chưa xong (không tính việc hằng ngày) và số đầu việc quá hạn. Cần xử lý: có đầu việc quá hạn; Theo dõi: đang có việc mở.
B62: Mái | D62: =IF(COUNTIFS('Phản ánh'!$F$6:$F$505,"Block A",'Phản ánh'!$G$6:$G$505,$B62,'Phản ánh'!$V$6:$V$505,"<>Đã xử lý")>0,IF((COUNTIFS('Phản ánh'!$F$6:$F$505,"Block A",'Phản ánh'!$G$6:$G$505,$B62,'Phản ánh'!$V$6:$V$505,"<>Đã xử lý",'Phản ánh'!$J$6:$J$505,"Khẩn cấp")+COUNTIFS('Phản ánh'!$F$6:$F$505,"Block A",'Phản ánh'!$G$6:$G$505,$B62,'Phản ánh'!$V$6:$V$505,"<>Đã xử lý",'Phản ánh'!$J$6:$J$505,"Cao"))>0,-COUNTIFS('Phản ánh'!$F$6:$F$505,"Block A",'Phản ánh'!$G$6:$G$505,$B62,'Phản ánh'!$V$6:$V$505,"<>Đã xử lý"),COUNTIFS('Phản ánh'!$F$6:$F$505,"Block A",'Phản ánh'!$G$6:$G$505,$B62,'Phản ánh'!$V$6:$V$505,"<>Đã xử lý")),IF(COUNTIFS('Kế hoạch'!$E$6:$E$305,"Block A",'Kế hoạch'!$F$6:$F$305,$B62,'Kế hoạch'!$AO$6:$AO$305,1)>0,"CV","")) | H62: =IF(COUNTIFS('Phản ánh'!$F$6:$F$505,"Block B",'Phản ánh'!$G$6:$G$505,$B62,'Phản ánh'!$V$6:$V$505,"<>Đã xử lý")>0,IF((COUNTIFS('Phản ánh'!$F$6:$F$505,"Block B",'Phản ánh'!$G$6:$G$505,$B62,'Phản ánh'!$V$6:$V$505,"<>Đã xử lý",'Phản ánh'!$J$6:$J$505,"Khẩn cấp")+COUNTIFS('Phản ánh'!$F$6:$F$505,"Block B",'Phản ánh'!$G$6:$G$505,$B62,'Phản ánh'!$V$6:$V$505,"<>Đã xử lý",'Phản ánh'!$J$6:$J$505,"Cao"))>0,-COUNTIFS('Phản ánh'!$F$6:$F$505,"Block B",'Phản ánh'!$G$6:$G$505,$B62,'Phản ánh'!$V$6:$V$505,"<>Đã xử lý"),COUNTIFS('Phản ánh'!$F$6:$F$505,"Block B",'Phản ánh'!$G$6:$G$505,$B62,'Phản ánh'!$V$6:$V$505,"<>Đã xử lý")),IF(COUNTIFS('Kế hoạch'!$E$6:$E$305,"Block B",'Kế hoạch'!$F$6:$F$305,$B62,'Kế hoạch'!$AO$6:$AO$305,1)>0,"CV","")) | L62: =IF(COUNTIFS('Phản ánh'!$F$6:$F$505,"Block C",'Phản ánh'!$G$6:$G$505,$B62,'Phản ánh'!$V$6:$V$505,"<>Đã xử lý")>0,IF((COUNTIFS('Phản ánh'!$F$6:$F$505,"Block C",'Phản ánh'!$G$6:$G$505,$B62,'Phản ánh'!$V$6:$V$505,"<>Đã xử lý",'Phản ánh'!$J$6:$J$505,"Khẩn cấp")+COUNTIFS('Phản ánh'!$F$6:$F$505,"Block C",'Phản ánh'!$G$6:$G$505,$B62,'Phản ánh'!$V$6:$V$505,"<>Đã xử lý",'Phản ánh'!$J$6:$J$505,"Cao"))>0,-COUNTIFS('Phản ánh'!$F$6:$F$505,"Block C",'Phản ánh'!$G$6:$G$505,$B62,'Phản ánh'!$V$6:$V$505,"<>Đã xử lý"),COUNTIFS('Phản ánh'!$F$6:$F$505,"Block C",'Phản ánh'!$G$6:$G$505,$B62,'Phản ánh'!$V$6:$V$505,"<>Đã xử lý")),IF(COUNTIFS('Kế hoạch'!$E$6:$E$305,"Block C",'Kế hoạch'!$F$6:$F$305,$B62,'Kế hoạch'!$AO$6:$AO$305,1)>0,"CV","")) | P62: =IF(COUNTIFS('Phản ánh'!$F$6:$F$505,"Block D",'Phản ánh'!$G$6:$G$505,$B62,'Phản ánh'!$V$6:$V$505,"<>Đã xử lý")>0,IF((COUNTIFS('Phản ánh'!$F$6:$F$505,"Block D",'Phản ánh'!$G$6:$G$505,$B62,'Phản ánh'!$V$6:$V$505,"<>Đã xử lý",'Phản ánh'!$J$6:$J$505,"Khẩn cấp")+COUNTIFS('Phản ánh'!$F$6:$F$505,"Block D",'Phản ánh'!$G$6:$G$505,$B62,'Phản ánh'!$V$6:$V$505,"<>Đã xử lý",'Phản ánh'!$J$6:$J$505,"Cao"))>0,-COUNTIFS('Phản ánh'!$F$6:$F$505,"Block D",'Phản ánh'!$G$6:$G$505,$B62,'Phản ánh'!$V$6:$V$505,"<>Đã xử lý"),COUNTIFS('Phản ánh'!$F$6:$F$505,"Block D",'Phản ánh'!$G$6:$G$505,$B62,'Phản ánh'!$V$6:$V$505,"<>Đã xử lý")),IF(COUNTIFS('Kế hoạch'!$E$6:$E$305,"Block D",'Kế hoạch'!$F$6:$F$305,$B62,'Kế hoạch'!$AO$6:$AO$305,1)>0,"CV","")) | T62: =IF(COUNTIFS('Phản ánh'!$F$6:$F$505,"Block E",'Phản ánh'!$G$6:$G$505,$B62,'Phản ánh'!$V$6:$V$505,"<>Đã xử lý")>0,IF((COUNTIFS('Phản ánh'!$F$6:$F$505,"Block E",'Phản ánh'!$G$6:$G$505,$B62,'Phản ánh'!$V$6:$V$505,"<>Đã xử lý",'Phản ánh'!$J$6:$J$505,"Khẩn cấp")+COUNTIFS('Phản ánh'!$F$6:$F$505,"Block E",'Phản ánh'!$G$6:$G$505,$B62,'Phản ánh'!$V$6:$V$505,"<>Đã xử lý",'Phản ánh'!$J$6:$J$505,"Cao"))>0,-COUNTIFS('Phản ánh'!$F$6:$F$505,"Block E",'Phản ánh'!$G$6:$G$505,$B62,'Phản ánh'!$V$6:$V$505,"<>Đã xử lý"),COUNTIFS('Phản ánh'!$F$6:$F$505,"Block E",'Phản ánh'!$G$6:$G$505,$B62,'Phản ánh'!$V$6:$V$505,"<>Đã xử lý")),IF(COUNTIFS('Kế hoạch'!$E$6:$E$305,"Block E",'Kế hoạch'!$F$6:$F$305,$B62,'Kế hoạch'!$AO$6:$AO$305,1)>0,"CV","")) | X62: =IF(COUNTIFS('Phản ánh'!$F$6:$F$505,"Block G",'Phản ánh'!$G$6:$G$505,$B62,'Phản ánh'!$V$6:$V$505,"<>Đã xử lý")>0,IF((COUNTIFS('Phản ánh'!$F$6:$F$505,"Block G",'Phản ánh'!$G$6:$G$505,$B62,'Phản ánh'!$V$6:$V$505,"<>Đã xử lý",'Phản ánh'!$J$6:$J$505,"Khẩn cấp")+COUNTIFS('Phản ánh'!$F$6:$F$505,"Block G",'Phản ánh'!$G$6:$G$505,$B62,'Phản ánh'!$V$6:$V$505,"<>Đã xử lý",'Phản ánh'!$J$6:$J$505,"Cao"))>0,-COUNTIFS('Phản ánh'!$F$6:$F$505,"Block G",'Phản ánh'!$G$6:$G$505,$B62,'Phản ánh'!$V$6:$V$505,"<>Đã xử lý"),COUNTIFS('Phản ánh'!$F$6:$F$505,"Block G",'Phản ánh'!$G$6:$G$505,$B62,'Phản ánh'!$V$6:$V$505,"<>Đã xử lý")),IF(COUNTIFS('Kế hoạch'!$E$6:$E$305,"Block G",'Kế hoạch'!$F$6:$F$305,$B62,'Kế hoạch'!$AO$6:$AO$305,1)>0,"CV","")) | AB62: Khu vực | AG62: Phản ánh | AI62: Việc | AK62: Quá hạn | AM62: Tình trạng
B63: 23 | D63: =IF(COUNTIFS('Phản ánh'!$F$6:$F$505,"Block A",'Phản ánh'!$G$6:$G$505,$B63,'Phản ánh'!$V$6:$V$505,"<>Đã xử lý")>0,IF((COUNTIFS('Phản ánh'!$F$6:$F$505,"Block A",'Phản ánh'!$G$6:$G$505,$B63,'Phản ánh'!$V$6:$V$505,"<>Đã xử lý",'Phản ánh'!$J$6:$J$505,"Khẩn cấp")+COUNTIFS('Phản ánh'!$F$6:$F$505,"Block A",'Phản ánh'!$G$6:$G$505,$B63,'Phản ánh'!$V$6:$V$505,"<>Đã xử lý",'Phản ánh'!$J$6:$J$505,"Cao"))>0,-COUNTIFS('Phản ánh'!$F$6:$F$505,"Block A",'Phản ánh'!$G$6:$G$505,$B63,'Phản ánh'!$V$6:$V$505,"<>Đã xử lý"),COUNTIFS('Phản ánh'!$F$6:$F$505,"Block A",'Phản ánh'!$G$6:$G$505,$B63,'Phản ánh'!$V$6:$V$505,"<>Đã xử lý")),IF(COUNTIFS('Kế hoạch'!$E$6:$E$305,"Block A",'Kế hoạch'!$F$6:$F$305,$B63,'Kế hoạch'!$AO$6:$AO$305,1)>0,"CV","")) | H63: =IF(COUNTIFS('Phản ánh'!$F$6:$F$505,"Block B",'Phản ánh'!$G$6:$G$505,$B63,'Phản ánh'!$V$6:$V$505,"<>Đã xử lý")>0,IF((COUNTIFS('Phản ánh'!$F$6:$F$505,"Block B",'Phản ánh'!$G$6:$G$505,$B63,'Phản ánh'!$V$6:$V$505,"<>Đã xử lý",'Phản ánh'!$J$6:$J$505,"Khẩn cấp")+COUNTIFS('Phản ánh'!$F$6:$F$505,"Block B",'Phản ánh'!$G$6:$G$505,$B63,'Phản ánh'!$V$6:$V$505,"<>Đã xử lý",'Phản ánh'!$J$6:$J$505,"Cao"))>0,-COUNTIFS('Phản ánh'!$F$6:$F$505,"Block B",'Phản ánh'!$G$6:$G$505,$B63,'Phản ánh'!$V$6:$V$505,"<>Đã xử lý"),COUNTIFS('Phản ánh'!$F$6:$F$505,"Block B",'Phản ánh'!$G$6:$G$505,$B63,'Phản ánh'!$V$6:$V$505,"<>Đã xử lý")),IF(COUNTIFS('Kế hoạch'!$E$6:$E$305,"Block B",'Kế hoạch'!$F$6:$F$305,$B63,'Kế hoạch'!$AO$6:$AO$305,1)>0,"CV","")) | L63: =IF(COUNTIFS('Phản ánh'!$F$6:$F$505,"Block C",'Phản ánh'!$G$6:$G$505,$B63,'Phản ánh'!$V$6:$V$505,"<>Đã xử lý")>0,IF((COUNTIFS('Phản ánh'!$F$6:$F$505,"Block C",'Phản ánh'!$G$6:$G$505,$B63,'Phản ánh'!$V$6:$V$505,"<>Đã xử lý",'Phản ánh'!$J$6:$J$505,"Khẩn cấp")+COUNTIFS('Phản ánh'!$F$6:$F$505,"Block C",'Phản ánh'!$G$6:$G$505,$B63,'Phản ánh'!$V$6:$V$505,"<>Đã xử lý",'Phản ánh'!$J$6:$J$505,"Cao"))>0,-COUNTIFS('Phản ánh'!$F$6:$F$505,"Block C",'Phản ánh'!$G$6:$G$505,$B63,'Phản ánh'!$V$6:$V$505,"<>Đã xử lý"),COUNTIFS('Phản ánh'!$F$6:$F$505,"Block C",'Phản ánh'!$G$6:$G$505,$B63,'Phản ánh'!$V$6:$V$505,"<>Đã xử lý")),IF(COUNTIFS('Kế hoạch'!$E$6:$E$305,"Block C",'Kế hoạch'!$F$6:$F$305,$B63,'Kế hoạch'!$AO$6:$AO$305,1)>0,"CV","")) | P63: =IF(COUNTIFS('Phản ánh'!$F$6:$F$505,"Block D",'Phản ánh'!$G$6:$G$505,$B63,'Phản ánh'!$V$6:$V$505,"<>Đã xử lý")>0,IF((COUNTIFS('Phản ánh'!$F$6:$F$505,"Block D",'Phản ánh'!$G$6:$G$505,$B63,'Phản ánh'!$V$6:$V$505,"<>Đã xử lý",'Phản ánh'!$J$6:$J$505,"Khẩn cấp")+COUNTIFS('Phản ánh'!$F$6:$F$505,"Block D",'Phản ánh'!$G$6:$G$505,$B63,'Phản ánh'!$V$6:$V$505,"<>Đã xử lý",'Phản ánh'!$J$6:$J$505,"Cao"))>0,-COUNTIFS('Phản ánh'!$F$6:$F$505,"Block D",'Phản ánh'!$G$6:$G$505,$B63,'Phản ánh'!$V$6:$V$505,"<>Đã xử lý"),COUNTIFS('Phản ánh'!$F$6:$F$505,"Block D",'Phản ánh'!$G$6:$G$505,$B63,'Phản ánh'!$V$6:$V$505,"<>Đã xử lý")),IF(COUNTIFS('Kế hoạch'!$E$6:$E$305,"Block D",'Kế hoạch'!$F$6:$F$305,$B63,'Kế hoạch'!$AO$6:$AO$305,1)>0,"CV","")) | T63: =IF(COUNTIFS('Phản ánh'!$F$6:$F$505,"Block E",'Phản ánh'!$G$6:$G$505,$B63,'Phản ánh'!$V$6:$V$505,"<>Đã xử lý")>0,IF((COUNTIFS('Phản ánh'!$F$6:$F$505,"Block E",'Phản ánh'!$G$6:$G$505,$B63,'Phản ánh'!$V$6:$V$505,"<>Đã xử lý",'Phản ánh'!$J$6:$J$505,"Khẩn cấp")+COUNTIFS('Phản ánh'!$F$6:$F$505,"Block E",'Phản ánh'!$G$6:$G$505,$B63,'Phản ánh'!$V$6:$V$505,"<>Đã xử lý",'Phản ánh'!$J$6:$J$505,"Cao"))>0,-COUNTIFS('Phản ánh'!$F$6:$F$505,"Block E",'Phản ánh'!$G$6:$G$505,$B63,'Phản ánh'!$V$6:$V$505,"<>Đã xử lý"),COUNTIFS('Phản ánh'!$F$6:$F$505,"Block E",'Phản ánh'!$G$6:$G$505,$B63,'Phản ánh'!$V$6:$V$505,"<>Đã xử lý")),IF(COUNTIFS('Kế hoạch'!$E$6:$E$305,"Block E",'Kế hoạch'!$F$6:$F$305,$B63,'Kế hoạch'!$AO$6:$AO$305,1)>0,"CV","")) | X63: =IF(COUNTIFS('Phản ánh'!$F$6:$F$505,"Block G",'Phản ánh'!$G$6:$G$505,$B63,'Phản ánh'!$V$6:$V$505,"<>Đã xử lý")>0,IF((COUNTIFS('Phản ánh'!$F$6:$F$505,"Block G",'Phản ánh'!$G$6:$G$505,$B63,'Phản ánh'!$V$6:$V$505,"<>Đã xử lý",'Phản ánh'!$J$6:$J$505,"Khẩn cấp")+COUNTIFS('Phản ánh'!$F$6:$F$505,"Block G",'Phản ánh'!$G$6:$G$505,$B63,'Phản ánh'!$V$6:$V$505,"<>Đã xử lý",'Phản ánh'!$J$6:$J$505,"Cao"))>0,-COUNTIFS('Phản ánh'!$F$6:$F$505,"Block G",'Phản ánh'!$G$6:$G$505,$B63,'Phản ánh'!$V$6:$V$505,"<>Đã xử lý"),COUNTIFS('Phản ánh'!$F$6:$F$505,"Block G",'Phản ánh'!$G$6:$G$505,$B63,'Phản ánh'!$V$6:$V$505,"<>Đã xử lý")),IF(COUNTIFS('Kế hoạch'!$E$6:$E$305,"Block G",'Kế hoạch'!$F$6:$F$305,$B63,'Kế hoạch'!$AO$6:$AO$305,1)>0,"CV","")) | AB63: Block A | AG63: =COUNTIFS('Phản ánh'!$F$6:$F$505,$AB63,'Phản ánh'!$V$6:$V$505,"<>Đã xử lý") | AI63: =COUNTIFS('Kế hoạch'!$E$6:$E$305,$AB63,'Kế hoạch'!$AO$6:$AO$305,1,'Kế hoạch'!$AR$6:$AR$305,0) | AK63: =COUNTIFS('Phản ánh'!$F$6:$F$505,$AB63,'Phản ánh'!$Y$6:$Y$505,"Quá hạn")+COUNTIFS('Kế hoạch'!$E$6:$E$305,$AB63,'Kế hoạch'!$AD$6:$AD$305,"Quá hạn") | AM63: =IF(AK63>0,"Cần xử lý",IF(AG63+AI63>0,"Theo dõi","Ổn định"))
B64: 22 | D64: =IF(COUNTIFS('Phản ánh'!$F$6:$F$505,"Block A",'Phản ánh'!$G$6:$G$505,$B64,'Phản ánh'!$V$6:$V$505,"<>Đã xử lý")>0,IF((COUNTIFS('Phản ánh'!$F$6:$F$505,"Block A",'Phản ánh'!$G$6:$G$505,$B64,'Phản ánh'!$V$6:$V$505,"<>Đã xử lý",'Phản ánh'!$J$6:$J$505,"Khẩn cấp")+COUNTIFS('Phản ánh'!$F$6:$F$505,"Block A",'Phản ánh'!$G$6:$G$505,$B64,'Phản ánh'!$V$6:$V$505,"<>Đã xử lý",'Phản ánh'!$J$6:$J$505,"Cao"))>0,-COUNTIFS('Phản ánh'!$F$6:$F$505,"Block A",'Phản ánh'!$G$6:$G$505,$B64,'Phản ánh'!$V$6:$V$505,"<>Đã xử lý"),COUNTIFS('Phản ánh'!$F$6:$F$505,"Block A",'Phản ánh'!$G$6:$G$505,$B64,'Phản ánh'!$V$6:$V$505,"<>Đã xử lý")),IF(COUNTIFS('Kế hoạch'!$E$6:$E$305,"Block A",'Kế hoạch'!$F$6:$F$305,$B64,'Kế hoạch'!$AO$6:$AO$305,1)>0,"CV","")) | H64: =IF(COUNTIFS('Phản ánh'!$F$6:$F$505,"Block B",'Phản ánh'!$G$6:$G$505,$B64,'Phản ánh'!$V$6:$V$505,"<>Đã xử lý")>0,IF((COUNTIFS('Phản ánh'!$F$6:$F$505,"Block B",'Phản ánh'!$G$6:$G$505,$B64,'Phản ánh'!$V$6:$V$505,"<>Đã xử lý",'Phản ánh'!$J$6:$J$505,"Khẩn cấp")+COUNTIFS('Phản ánh'!$F$6:$F$505,"Block B",'Phản ánh'!$G$6:$G$505,$B64,'Phản ánh'!$V$6:$V$505,"<>Đã xử lý",'Phản ánh'!$J$6:$J$505,"Cao"))>0,-COUNTIFS('Phản ánh'!$F$6:$F$505,"Block B",'Phản ánh'!$G$6:$G$505,$B64,'Phản ánh'!$V$6:$V$505,"<>Đã xử lý"),COUNTIFS('Phản ánh'!$F$6:$F$505,"Block B",'Phản ánh'!$G$6:$G$505,$B64,'Phản ánh'!$V$6:$V$505,"<>Đã xử lý")),IF(COUNTIFS('Kế hoạch'!$E$6:$E$305,"Block B",'Kế hoạch'!$F$6:$F$305,$B64,'Kế hoạch'!$AO$6:$AO$305,1)>0,"CV","")) | L64: =IF(COUNTIFS('Phản ánh'!$F$6:$F$505,"Block C",'Phản ánh'!$G$6:$G$505,$B64,'Phản ánh'!$V$6:$V$505,"<>Đã xử lý")>0,IF((COUNTIFS('Phản ánh'!$F$6:$F$505,"Block C",'Phản ánh'!$G$6:$G$505,$B64,'Phản ánh'!$V$6:$V$505,"<>Đã xử lý",'Phản ánh'!$J$6:$J$505,"Khẩn cấp")+COUNTIFS('Phản ánh'!$F$6:$F$505,"Block C",'Phản ánh'!$G$6:$G$505,$B64,'Phản ánh'!$V$6:$V$505,"<>Đã xử lý",'Phản ánh'!$J$6:$J$505,"Cao"))>0,-COUNTIFS('Phản ánh'!$F$6:$F$505,"Block C",'Phản ánh'!$G$6:$G$505,$B64,'Phản ánh'!$V$6:$V$505,"<>Đã xử lý"),COUNTIFS('Phản ánh'!$F$6:$F$505,"Block C",'Phản ánh'!$G$6:$G$505,$B64,'Phản ánh'!$V$6:$V$505,"<>Đã xử lý")),IF(COUNTIFS('Kế hoạch'!$E$6:$E$305,"Block C",'Kế hoạch'!$F$6:$F$305,$B64,'Kế hoạch'!$AO$6:$AO$305,1)>0,"CV","")) | P64: =IF(COUNTIFS('Phản ánh'!$F$6:$F$505,"Block D",'Phản ánh'!$G$6:$G$505,$B64,'Phản ánh'!$V$6:$V$505,"<>Đã xử lý")>0,IF((COUNTIFS('Phản ánh'!$F$6:$F$505,"Block D",'Phản ánh'!$G$6:$G$505,$B64,'Phản ánh'!$V$6:$V$505,"<>Đã xử lý",'Phản ánh'!$J$6:$J$505,"Khẩn cấp")+COUNTIFS('Phản ánh'!$F$6:$F$505,"Block D",'Phản ánh'!$G$6:$G$505,$B64,'Phản ánh'!$V$6:$V$505,"<>Đã xử lý",'Phản ánh'!$J$6:$J$505,"Cao"))>0,-COUNTIFS('Phản ánh'!$F$6:$F$505,"Block D",'Phản ánh'!$G$6:$G$505,$B64,'Phản ánh'!$V$6:$V$505,"<>Đã xử lý"),COUNTIFS('Phản ánh'!$F$6:$F$505,"Block D",'Phản ánh'!$G$6:$G$505,$B64,'Phản ánh'!$V$6:$V$505,"<>Đã xử lý")),IF(COUNTIFS('Kế hoạch'!$E$6:$E$305,"Block D",'Kế hoạch'!$F$6:$F$305,$B64,'Kế hoạch'!$AO$6:$AO$305,1)>0,"CV","")) | T64: =IF(COUNTIFS('Phản ánh'!$F$6:$F$505,"Block E",'Phản ánh'!$G$6:$G$505,$B64,'Phản ánh'!$V$6:$V$505,"<>Đã xử lý")>0,IF((COUNTIFS('Phản ánh'!$F$6:$F$505,"Block E",'Phản ánh'!$G$6:$G$505,$B64,'Phản ánh'!$V$6:$V$505,"<>Đã xử lý",'Phản ánh'!$J$6:$J$505,"Khẩn cấp")+COUNTIFS('Phản ánh'!$F$6:$F$505,"Block E",'Phản ánh'!$G$6:$G$505,$B64,'Phản ánh'!$V$6:$V$505,"<>Đã xử lý",'Phản ánh'!$J$6:$J$505,"Cao"))>0,-COUNTIFS('Phản ánh'!$F$6:$F$505,"Block E",'Phản ánh'!$G$6:$G$505,$B64,'Phản ánh'!$V$6:$V$505,"<>Đã xử lý"),COUNTIFS('Phản ánh'!$F$6:$F$505,"Block E",'Phản ánh'!$G$6:$G$505,$B64,'Phản ánh'!$V$6:$V$505,"<>Đã xử lý")),IF(COUNTIFS('Kế hoạch'!$E$6:$E$305,"Block E",'Kế hoạch'!$F$6:$F$305,$B64,'Kế hoạch'!$AO$6:$AO$305,1)>0,"CV","")) | X64: =IF(COUNTIFS('Phản ánh'!$F$6:$F$505,"Block G",'Phản ánh'!$G$6:$G$505,$B64,'Phản ánh'!$V$6:$V$505,"<>Đã xử lý")>0,IF((COUNTIFS('Phản ánh'!$F$6:$F$505,"Block G",'Phản ánh'!$G$6:$G$505,$B64,'Phản ánh'!$V$6:$V$505,"<>Đã xử lý",'Phản ánh'!$J$6:$J$505,"Khẩn cấp")+COUNTIFS('Phản ánh'!$F$6:$F$505,"Block G",'Phản ánh'!$G$6:$G$505,$B64,'Phản ánh'!$V$6:$V$505,"<>Đã xử lý",'Phản ánh'!$J$6:$J$505,"Cao"))>0,-COUNTIFS('Phản ánh'!$F$6:$F$505,"Block G",'Phản ánh'!$G$6:$G$505,$B64,'Phản ánh'!$V$6:$V$505,"<>Đã xử lý"),COUNTIFS('Phản ánh'!$F$6:$F$505,"Block G",'Phản ánh'!$G$6:$G$505,$B64,'Phản ánh'!$V$6:$V$505,"<>Đã xử lý")),IF(COUNTIFS('Kế hoạch'!$E$6:$E$305,"Block G",'Kế hoạch'!$F$6:$F$305,$B64,'Kế hoạch'!$AO$6:$AO$305,1)>0,"CV","")) | AB64: Block B | AG64: =COUNTIFS('Phản ánh'!$F$6:$F$505,$AB64,'Phản ánh'!$V$6:$V$505,"<>Đã xử lý") | AI64: =COUNTIFS('Kế hoạch'!$E$6:$E$305,$AB64,'Kế hoạch'!$AO$6:$AO$305,1,'Kế hoạch'!$AR$6:$AR$305,0) | AK64: =COUNTIFS('Phản ánh'!$F$6:$F$505,$AB64,'Phản ánh'!$Y$6:$Y$505,"Quá hạn")+COUNTIFS('Kế hoạch'!$E$6:$E$305,$AB64,'Kế hoạch'!$AD$6:$AD$305,"Quá hạn") | AM64: =IF(AK64>0,"Cần xử lý",IF(AG64+AI64>0,"Theo dõi","Ổn định"))
B65: 21 | D65: =IF(COUNTIFS('Phản ánh'!$F$6:$F$505,"Block A",'Phản ánh'!$G$6:$G$505,$B65,'Phản ánh'!$V$6:$V$505,"<>Đã xử lý")>0,IF((COUNTIFS('Phản ánh'!$F$6:$F$505,"Block A",'Phản ánh'!$G$6:$G$505,$B65,'Phản ánh'!$V$6:$V$505,"<>Đã xử lý",'Phản ánh'!$J$6:$J$505,"Khẩn cấp")+COUNTIFS('Phản ánh'!$F$6:$F$505,"Block A",'Phản ánh'!$G$6:$G$505,$B65,'Phản ánh'!$V$6:$V$505,"<>Đã xử lý",'Phản ánh'!$J$6:$J$505,"Cao"))>0,-COUNTIFS('Phản ánh'!$F$6:$F$505,"Block A",'Phản ánh'!$G$6:$G$505,$B65,'Phản ánh'!$V$6:$V$505,"<>Đã xử lý"),COUNTIFS('Phản ánh'!$F$6:$F$505,"Block A",'Phản ánh'!$G$6:$G$505,$B65,'Phản ánh'!$V$6:$V$505,"<>Đã xử lý")),IF(COUNTIFS('Kế hoạch'!$E$6:$E$305,"Block A",'Kế hoạch'!$F$6:$F$305,$B65,'Kế hoạch'!$AO$6:$AO$305,1)>0,"CV","")) | H65: =IF(COUNTIFS('Phản ánh'!$F$6:$F$505,"Block B",'Phản ánh'!$G$6:$G$505,$B65,'Phản ánh'!$V$6:$V$505,"<>Đã xử lý")>0,IF((COUNTIFS('Phản ánh'!$F$6:$F$505,"Block B",'Phản ánh'!$G$6:$G$505,$B65,'Phản ánh'!$V$6:$V$505,"<>Đã xử lý",'Phản ánh'!$J$6:$J$505,"Khẩn cấp")+COUNTIFS('Phản ánh'!$F$6:$F$505,"Block B",'Phản ánh'!$G$6:$G$505,$B65,'Phản ánh'!$V$6:$V$505,"<>Đã xử lý",'Phản ánh'!$J$6:$J$505,"Cao"))>0,-COUNTIFS('Phản ánh'!$F$6:$F$505,"Block B",'Phản ánh'!$G$6:$G$505,$B65,'Phản ánh'!$V$6:$V$505,"<>Đã xử lý"),COUNTIFS('Phản ánh'!$F$6:$F$505,"Block B",'Phản ánh'!$G$6:$G$505,$B65,'Phản ánh'!$V$6:$V$505,"<>Đã xử lý")),IF(COUNTIFS('Kế hoạch'!$E$6:$E$305,"Block B",'Kế hoạch'!$F$6:$F$305,$B65,'Kế hoạch'!$AO$6:$AO$305,1)>0,"CV","")) | L65: =IF(COUNTIFS('Phản ánh'!$F$6:$F$505,"Block C",'Phản ánh'!$G$6:$G$505,$B65,'Phản ánh'!$V$6:$V$505,"<>Đã xử lý")>0,IF((COUNTIFS('Phản ánh'!$F$6:$F$505,"Block C",'Phản ánh'!$G$6:$G$505,$B65,'Phản ánh'!$V$6:$V$505,"<>Đã xử lý",'Phản ánh'!$J$6:$J$505,"Khẩn cấp")+COUNTIFS('Phản ánh'!$F$6:$F$505,"Block C",'Phản ánh'!$G$6:$G$505,$B65,'Phản ánh'!$V$6:$V$505,"<>Đã xử lý",'Phản ánh'!$J$6:$J$505,"Cao"))>0,-COUNTIFS('Phản ánh'!$F$6:$F$505,"Block C",'Phản ánh'!$G$6:$G$505,$B65,'Phản ánh'!$V$6:$V$505,"<>Đã xử lý"),COUNTIFS('Phản ánh'!$F$6:$F$505,"Block C",'Phản ánh'!$G$6:$G$505,$B65,'Phản ánh'!$V$6:$V$505,"<>Đã xử lý")),IF(COUNTIFS('Kế hoạch'!$E$6:$E$305,"Block C",'Kế hoạch'!$F$6:$F$305,$B65,'Kế hoạch'!$AO$6:$AO$305,1)>0,"CV","")) | P65: =IF(COUNTIFS('Phản ánh'!$F$6:$F$505,"Block D",'Phản ánh'!$G$6:$G$505,$B65,'Phản ánh'!$V$6:$V$505,"<>Đã xử lý")>0,IF((COUNTIFS('Phản ánh'!$F$6:$F$505,"Block D",'Phản ánh'!$G$6:$G$505,$B65,'Phản ánh'!$V$6:$V$505,"<>Đã xử lý",'Phản ánh'!$J$6:$J$505,"Khẩn cấp")+COUNTIFS('Phản ánh'!$F$6:$F$505,"Block D",'Phản ánh'!$G$6:$G$505,$B65,'Phản ánh'!$V$6:$V$505,"<>Đã xử lý",'Phản ánh'!$J$6:$J$505,"Cao"))>0,-COUNTIFS('Phản ánh'!$F$6:$F$505,"Block D",'Phản ánh'!$G$6:$G$505,$B65,'Phản ánh'!$V$6:$V$505,"<>Đã xử lý"),COUNTIFS('Phản ánh'!$F$6:$F$505,"Block D",'Phản ánh'!$G$6:$G$505,$B65,'Phản ánh'!$V$6:$V$505,"<>Đã xử lý")),IF(COUNTIFS('Kế hoạch'!$E$6:$E$305,"Block D",'Kế hoạch'!$F$6:$F$305,$B65,'Kế hoạch'!$AO$6:$AO$305,1)>0,"CV","")) | T65: =IF(COUNTIFS('Phản ánh'!$F$6:$F$505,"Block E",'Phản ánh'!$G$6:$G$505,$B65,'Phản ánh'!$V$6:$V$505,"<>Đã xử lý")>0,IF((COUNTIFS('Phản ánh'!$F$6:$F$505,"Block E",'Phản ánh'!$G$6:$G$505,$B65,'Phản ánh'!$V$6:$V$505,"<>Đã xử lý",'Phản ánh'!$J$6:$J$505,"Khẩn cấp")+COUNTIFS('Phản ánh'!$F$6:$F$505,"Block E",'Phản ánh'!$G$6:$G$505,$B65,'Phản ánh'!$V$6:$V$505,"<>Đã xử lý",'Phản ánh'!$J$6:$J$505,"Cao"))>0,-COUNTIFS('Phản ánh'!$F$6:$F$505,"Block E",'Phản ánh'!$G$6:$G$505,$B65,'Phản ánh'!$V$6:$V$505,"<>Đã xử lý"),COUNTIFS('Phản ánh'!$F$6:$F$505,"Block E",'Phản ánh'!$G$6:$G$505,$B65,'Phản ánh'!$V$6:$V$505,"<>Đã xử lý")),IF(COUNTIFS('Kế hoạch'!$E$6:$E$305,"Block E",'Kế hoạch'!$F$6:$F$305,$B65,'Kế hoạch'!$AO$6:$AO$305,1)>0,"CV","")) | X65: =IF(COUNTIFS('Phản ánh'!$F$6:$F$505,"Block G",'Phản ánh'!$G$6:$G$505,$B65,'Phản ánh'!$V$6:$V$505,"<>Đã xử lý")>0,IF((COUNTIFS('Phản ánh'!$F$6:$F$505,"Block G",'Phản ánh'!$G$6:$G$505,$B65,'Phản ánh'!$V$6:$V$505,"<>Đã xử lý",'Phản ánh'!$J$6:$J$505,"Khẩn cấp")+COUNTIFS('Phản ánh'!$F$6:$F$505,"Block G",'Phản ánh'!$G$6:$G$505,$B65,'Phản ánh'!$V$6:$V$505,"<>Đã xử lý",'Phản ánh'!$J$6:$J$505,"Cao"))>0,-COUNTIFS('Phản ánh'!$F$6:$F$505,"Block G",'Phản ánh'!$G$6:$G$505,$B65,'Phản ánh'!$V$6:$V$505,"<>Đã xử lý"),COUNTIFS('Phản ánh'!$F$6:$F$505,"Block G",'Phản ánh'!$G$6:$G$505,$B65,'Phản ánh'!$V$6:$V$505,"<>Đã xử lý")),IF(COUNTIFS('Kế hoạch'!$E$6:$E$305,"Block G",'Kế hoạch'!$F$6:$F$305,$B65,'Kế hoạch'!$AO$6:$AO$305,1)>0,"CV","")) | AB65: Block C | AG65: =COUNTIFS('Phản ánh'!$F$6:$F$505,$AB65,'Phản ánh'!$V$6:$V$505,"<>Đã xử lý") | AI65: =COUNTIFS('Kế hoạch'!$E$6:$E$305,$AB65,'Kế hoạch'!$AO$6:$AO$305,1,'Kế hoạch'!$AR$6:$AR$305,0) | AK65: =COUNTIFS('Phản ánh'!$F$6:$F$505,$AB65,'Phản ánh'!$Y$6:$Y$505,"Quá hạn")+COUNTIFS('Kế hoạch'!$E$6:$E$305,$AB65,'Kế hoạch'!$AD$6:$AD$305,"Quá hạn") | AM65: =IF(AK65>0,"Cần xử lý",IF(AG65+AI65>0,"Theo dõi","Ổn định"))
B66: 20 | D66: =IF(COUNTIFS('Phản ánh'!$F$6:$F$505,"Block A",'Phản ánh'!$G$6:$G$505,$B66,'Phản ánh'!$V$6:$V$505,"<>Đã xử lý")>0,IF((COUNTIFS('Phản ánh'!$F$6:$F$505,"Block A",'Phản ánh'!$G$6:$G$505,$B66,'Phản ánh'!$V$6:$V$505,"<>Đã xử lý",'Phản ánh'!$J$6:$J$505,"Khẩn cấp")+COUNTIFS('Phản ánh'!$F$6:$F$505,"Block A",'Phản ánh'!$G$6:$G$505,$B66,'Phản ánh'!$V$6:$V$505,"<>Đã xử lý",'Phản ánh'!$J$6:$J$505,"Cao"))>0,-COUNTIFS('Phản ánh'!$F$6:$F$505,"Block A",'Phản ánh'!$G$6:$G$505,$B66,'Phản ánh'!$V$6:$V$505,"<>Đã xử lý"),COUNTIFS('Phản ánh'!$F$6:$F$505,"Block A",'Phản ánh'!$G$6:$G$505,$B66,'Phản ánh'!$V$6:$V$505,"<>Đã xử lý")),IF(COUNTIFS('Kế hoạch'!$E$6:$E$305,"Block A",'Kế hoạch'!$F$6:$F$305,$B66,'Kế hoạch'!$AO$6:$AO$305,1)>0,"CV","")) | H66: =IF(COUNTIFS('Phản ánh'!$F$6:$F$505,"Block B",'Phản ánh'!$G$6:$G$505,$B66,'Phản ánh'!$V$6:$V$505,"<>Đã xử lý")>0,IF((COUNTIFS('Phản ánh'!$F$6:$F$505,"Block B",'Phản ánh'!$G$6:$G$505,$B66,'Phản ánh'!$V$6:$V$505,"<>Đã xử lý",'Phản ánh'!$J$6:$J$505,"Khẩn cấp")+COUNTIFS('Phản ánh'!$F$6:$F$505,"Block B",'Phản ánh'!$G$6:$G$505,$B66,'Phản ánh'!$V$6:$V$505,"<>Đã xử lý",'Phản ánh'!$J$6:$J$505,"Cao"))>0,-COUNTIFS('Phản ánh'!$F$6:$F$505,"Block B",'Phản ánh'!$G$6:$G$505,$B66,'Phản ánh'!$V$6:$V$505,"<>Đã xử lý"),COUNTIFS('Phản ánh'!$F$6:$F$505,"Block B",'Phản ánh'!$G$6:$G$505,$B66,'Phản ánh'!$V$6:$V$505,"<>Đã xử lý")),IF(COUNTIFS('Kế hoạch'!$E$6:$E$305,"Block B",'Kế hoạch'!$F$6:$F$305,$B66,'Kế hoạch'!$AO$6:$AO$305,1)>0,"CV","")) | L66: =IF(COUNTIFS('Phản ánh'!$F$6:$F$505,"Block C",'Phản ánh'!$G$6:$G$505,$B66,'Phản ánh'!$V$6:$V$505,"<>Đã xử lý")>0,IF((COUNTIFS('Phản ánh'!$F$6:$F$505,"Block C",'Phản ánh'!$G$6:$G$505,$B66,'Phản ánh'!$V$6:$V$505,"<>Đã xử lý",'Phản ánh'!$J$6:$J$505,"Khẩn cấp")+COUNTIFS('Phản ánh'!$F$6:$F$505,"Block C",'Phản ánh'!$G$6:$G$505,$B66,'Phản ánh'!$V$6:$V$505,"<>Đã xử lý",'Phản ánh'!$J$6:$J$505,"Cao"))>0,-COUNTIFS('Phản ánh'!$F$6:$F$505,"Block C",'Phản ánh'!$G$6:$G$505,$B66,'Phản ánh'!$V$6:$V$505,"<>Đã xử lý"),COUNTIFS('Phản ánh'!$F$6:$F$505,"Block C",'Phản ánh'!$G$6:$G$505,$B66,'Phản ánh'!$V$6:$V$505,"<>Đã xử lý")),IF(COUNTIFS('Kế hoạch'!$E$6:$E$305,"Block C",'Kế hoạch'!$F$6:$F$305,$B66,'Kế hoạch'!$AO$6:$AO$305,1)>0,"CV","")) | P66: =IF(COUNTIFS('Phản ánh'!$F$6:$F$505,"Block D",'Phản ánh'!$G$6:$G$505,$B66,'Phản ánh'!$V$6:$V$505,"<>Đã xử lý")>0,IF((COUNTIFS('Phản ánh'!$F$6:$F$505,"Block D",'Phản ánh'!$G$6:$G$505,$B66,'Phản ánh'!$V$6:$V$505,"<>Đã xử lý",'Phản ánh'!$J$6:$J$505,"Khẩn cấp")+COUNTIFS('Phản ánh'!$F$6:$F$505,"Block D",'Phản ánh'!$G$6:$G$505,$B66,'Phản ánh'!$V$6:$V$505,"<>Đã xử lý",'Phản ánh'!$J$6:$J$505,"Cao"))>0,-COUNTIFS('Phản ánh'!$F$6:$F$505,"Block D",'Phản ánh'!$G$6:$G$505,$B66,'Phản ánh'!$V$6:$V$505,"<>Đã xử lý"),COUNTIFS('Phản ánh'!$F$6:$F$505,"Block D",'Phản ánh'!$G$6:$G$505,$B66,'Phản ánh'!$V$6:$V$505,"<>Đã xử lý")),IF(COUNTIFS('Kế hoạch'!$E$6:$E$305,"Block D",'Kế hoạch'!$F$6:$F$305,$B66,'Kế hoạch'!$AO$6:$AO$305,1)>0,"CV","")) | T66: =IF(COUNTIFS('Phản ánh'!$F$6:$F$505,"Block E",'Phản ánh'!$G$6:$G$505,$B66,'Phản ánh'!$V$6:$V$505,"<>Đã xử lý")>0,IF((COUNTIFS('Phản ánh'!$F$6:$F$505,"Block E",'Phản ánh'!$G$6:$G$505,$B66,'Phản ánh'!$V$6:$V$505,"<>Đã xử lý",'Phản ánh'!$J$6:$J$505,"Khẩn cấp")+COUNTIFS('Phản ánh'!$F$6:$F$505,"Block E",'Phản ánh'!$G$6:$G$505,$B66,'Phản ánh'!$V$6:$V$505,"<>Đã xử lý",'Phản ánh'!$J$6:$J$505,"Cao"))>0,-COUNTIFS('Phản ánh'!$F$6:$F$505,"Block E",'Phản ánh'!$G$6:$G$505,$B66,'Phản ánh'!$V$6:$V$505,"<>Đã xử lý"),COUNTIFS('Phản ánh'!$F$6:$F$505,"Block E",'Phản ánh'!$G$6:$G$505,$B66,'Phản ánh'!$V$6:$V$505,"<>Đã xử lý")),IF(COUNTIFS('Kế hoạch'!$E$6:$E$305,"Block E",'Kế hoạch'!$F$6:$F$305,$B66,'Kế hoạch'!$AO$6:$AO$305,1)>0,"CV","")) | X66: =IF(COUNTIFS('Phản ánh'!$F$6:$F$505,"Block G",'Phản ánh'!$G$6:$G$505,$B66,'Phản ánh'!$V$6:$V$505,"<>Đã xử lý")>0,IF((COUNTIFS('Phản ánh'!$F$6:$F$505,"Block G",'Phản ánh'!$G$6:$G$505,$B66,'Phản ánh'!$V$6:$V$505,"<>Đã xử lý",'Phản ánh'!$J$6:$J$505,"Khẩn cấp")+COUNTIFS('Phản ánh'!$F$6:$F$505,"Block G",'Phản ánh'!$G$6:$G$505,$B66,'Phản ánh'!$V$6:$V$505,"<>Đã xử lý",'Phản ánh'!$J$6:$J$505,"Cao"))>0,-COUNTIFS('Phản ánh'!$F$6:$F$505,"Block G",'Phản ánh'!$G$6:$G$505,$B66,'Phản ánh'!$V$6:$V$505,"<>Đã xử lý"),COUNTIFS('Phản ánh'!$F$6:$F$505,"Block G",'Phản ánh'!$G$6:$G$505,$B66,'Phản ánh'!$V$6:$V$505,"<>Đã xử lý")),IF(COUNTIFS('Kế hoạch'!$E$6:$E$305,"Block G",'Kế hoạch'!$F$6:$F$305,$B66,'Kế hoạch'!$AO$6:$AO$305,1)>0,"CV","")) | AB66: Block D | AG66: =COUNTIFS('Phản ánh'!$F$6:$F$505,$AB66,'Phản ánh'!$V$6:$V$505,"<>Đã xử lý") | AI66: =COUNTIFS('Kế hoạch'!$E$6:$E$305,$AB66,'Kế hoạch'!$AO$6:$AO$305,1,'Kế hoạch'!$AR$6:$AR$305,0) | AK66: =COUNTIFS('Phản ánh'!$F$6:$F$505,$AB66,'Phản ánh'!$Y$6:$Y$505,"Quá hạn")+COUNTIFS('Kế hoạch'!$E$6:$E$305,$AB66,'Kế hoạch'!$AD$6:$AD$305,"Quá hạn") | AM66: =IF(AK66>0,"Cần xử lý",IF(AG66+AI66>0,"Theo dõi","Ổn định"))
B67: 19 | D67: =IF(COUNTIFS('Phản ánh'!$F$6:$F$505,"Block A",'Phản ánh'!$G$6:$G$505,$B67,'Phản ánh'!$V$6:$V$505,"<>Đã xử lý")>0,IF((COUNTIFS('Phản ánh'!$F$6:$F$505,"Block A",'Phản ánh'!$G$6:$G$505,$B67,'Phản ánh'!$V$6:$V$505,"<>Đã xử lý",'Phản ánh'!$J$6:$J$505,"Khẩn cấp")+COUNTIFS('Phản ánh'!$F$6:$F$505,"Block A",'Phản ánh'!$G$6:$G$505,$B67,'Phản ánh'!$V$6:$V$505,"<>Đã xử lý",'Phản ánh'!$J$6:$J$505,"Cao"))>0,-COUNTIFS('Phản ánh'!$F$6:$F$505,"Block A",'Phản ánh'!$G$6:$G$505,$B67,'Phản ánh'!$V$6:$V$505,"<>Đã xử lý"),COUNTIFS('Phản ánh'!$F$6:$F$505,"Block A",'Phản ánh'!$G$6:$G$505,$B67,'Phản ánh'!$V$6:$V$505,"<>Đã xử lý")),IF(COUNTIFS('Kế hoạch'!$E$6:$E$305,"Block A",'Kế hoạch'!$F$6:$F$305,$B67,'Kế hoạch'!$AO$6:$AO$305,1)>0,"CV","")) | H67: =IF(COUNTIFS('Phản ánh'!$F$6:$F$505,"Block B",'Phản ánh'!$G$6:$G$505,$B67,'Phản ánh'!$V$6:$V$505,"<>Đã xử lý")>0,IF((COUNTIFS('Phản ánh'!$F$6:$F$505,"Block B",'Phản ánh'!$G$6:$G$505,$B67,'Phản ánh'!$V$6:$V$505,"<>Đã xử lý",'Phản ánh'!$J$6:$J$505,"Khẩn cấp")+COUNTIFS('Phản ánh'!$F$6:$F$505,"Block B",'Phản ánh'!$G$6:$G$505,$B67,'Phản ánh'!$V$6:$V$505,"<>Đã xử lý",'Phản ánh'!$J$6:$J$505,"Cao"))>0,-COUNTIFS('Phản ánh'!$F$6:$F$505,"Block B",'Phản ánh'!$G$6:$G$505,$B67,'Phản ánh'!$V$6:$V$505,"<>Đã xử lý"),COUNTIFS('Phản ánh'!$F$6:$F$505,"Block B",'Phản ánh'!$G$6:$G$505,$B67,'Phản ánh'!$V$6:$V$505,"<>Đã xử lý")),IF(COUNTIFS('Kế hoạch'!$E$6:$E$305,"Block B",'Kế hoạch'!$F$6:$F$305,$B67,'Kế hoạch'!$AO$6:$AO$305,1)>0,"CV","")) | L67: =IF(COUNTIFS('Phản ánh'!$F$6:$F$505,"Block C",'Phản ánh'!$G$6:$G$505,$B67,'Phản ánh'!$V$6:$V$505,"<>Đã xử lý")>0,IF((COUNTIFS('Phản ánh'!$F$6:$F$505,"Block C",'Phản ánh'!$G$6:$G$505,$B67,'Phản ánh'!$V$6:$V$505,"<>Đã xử lý",'Phản ánh'!$J$6:$J$505,"Khẩn cấp")+COUNTIFS('Phản ánh'!$F$6:$F$505,"Block C",'Phản ánh'!$G$6:$G$505,$B67,'Phản ánh'!$V$6:$V$505,"<>Đã xử lý",'Phản ánh'!$J$6:$J$505,"Cao"))>0,-COUNTIFS('Phản ánh'!$F$6:$F$505,"Block C",'Phản ánh'!$G$6:$G$505,$B67,'Phản ánh'!$V$6:$V$505,"<>Đã xử lý"),COUNTIFS('Phản ánh'!$F$6:$F$505,"Block C",'Phản ánh'!$G$6:$G$505,$B67,'Phản ánh'!$V$6:$V$505,"<>Đã xử lý")),IF(COUNTIFS('Kế hoạch'!$E$6:$E$305,"Block C",'Kế hoạch'!$F$6:$F$305,$B67,'Kế hoạch'!$AO$6:$AO$305,1)>0,"CV","")) | P67: =IF(COUNTIFS('Phản ánh'!$F$6:$F$505,"Block D",'Phản ánh'!$G$6:$G$505,$B67,'Phản ánh'!$V$6:$V$505,"<>Đã xử lý")>0,IF((COUNTIFS('Phản ánh'!$F$6:$F$505,"Block D",'Phản ánh'!$G$6:$G$505,$B67,'Phản ánh'!$V$6:$V$505,"<>Đã xử lý",'Phản ánh'!$J$6:$J$505,"Khẩn cấp")+COUNTIFS('Phản ánh'!$F$6:$F$505,"Block D",'Phản ánh'!$G$6:$G$505,$B67,'Phản ánh'!$V$6:$V$505,"<>Đã xử lý",'Phản ánh'!$J$6:$J$505,"Cao"))>0,-COUNTIFS('Phản ánh'!$F$6:$F$505,"Block D",'Phản ánh'!$G$6:$G$505,$B67,'Phản ánh'!$V$6:$V$505,"<>Đã xử lý"),COUNTIFS('Phản ánh'!$F$6:$F$505,"Block D",'Phản ánh'!$G$6:$G$505,$B67,'Phản ánh'!$V$6:$V$505,"<>Đã xử lý")),IF(COUNTIFS('Kế hoạch'!$E$6:$E$305,"Block D",'Kế hoạch'!$F$6:$F$305,$B67,'Kế hoạch'!$AO$6:$AO$305,1)>0,"CV","")) | T67: =IF(COUNTIFS('Phản ánh'!$F$6:$F$505,"Block E",'Phản ánh'!$G$6:$G$505,$B67,'Phản ánh'!$V$6:$V$505,"<>Đã xử lý")>0,IF((COUNTIFS('Phản ánh'!$F$6:$F$505,"Block E",'Phản ánh'!$G$6:$G$505,$B67,'Phản ánh'!$V$6:$V$505,"<>Đã xử lý",'Phản ánh'!$J$6:$J$505,"Khẩn cấp")+COUNTIFS('Phản ánh'!$F$6:$F$505,"Block E",'Phản ánh'!$G$6:$G$505,$B67,'Phản ánh'!$V$6:$V$505,"<>Đã xử lý",'Phản ánh'!$J$6:$J$505,"Cao"))>0,-COUNTIFS('Phản ánh'!$F$6:$F$505,"Block E",'Phản ánh'!$G$6:$G$505,$B67,'Phản ánh'!$V$6:$V$505,"<>Đã xử lý"),COUNTIFS('Phản ánh'!$F$6:$F$505,"Block E",'Phản ánh'!$G$6:$G$505,$B67,'Phản ánh'!$V$6:$V$505,"<>Đã xử lý")),IF(COUNTIFS('Kế hoạch'!$E$6:$E$305,"Block E",'Kế hoạch'!$F$6:$F$305,$B67,'Kế hoạch'!$AO$6:$AO$305,1)>0,"CV","")) | X67: =IF(COUNTIFS('Phản ánh'!$F$6:$F$505,"Block G",'Phản ánh'!$G$6:$G$505,$B67,'Phản ánh'!$V$6:$V$505,"<>Đã xử lý")>0,IF((COUNTIFS('Phản ánh'!$F$6:$F$505,"Block G",'Phản ánh'!$G$6:$G$505,$B67,'Phản ánh'!$V$6:$V$505,"<>Đã xử lý",'Phản ánh'!$J$6:$J$505,"Khẩn cấp")+COUNTIFS('Phản ánh'!$F$6:$F$505,"Block G",'Phản ánh'!$G$6:$G$505,$B67,'Phản ánh'!$V$6:$V$505,"<>Đã xử lý",'Phản ánh'!$J$6:$J$505,"Cao"))>0,-COUNTIFS('Phản ánh'!$F$6:$F$505,"Block G",'Phản ánh'!$G$6:$G$505,$B67,'Phản ánh'!$V$6:$V$505,"<>Đã xử lý"),COUNTIFS('Phản ánh'!$F$6:$F$505,"Block G",'Phản ánh'!$G$6:$G$505,$B67,'Phản ánh'!$V$6:$V$505,"<>Đã xử lý")),IF(COUNTIFS('Kế hoạch'!$E$6:$E$305,"Block G",'Kế hoạch'!$F$6:$F$305,$B67,'Kế hoạch'!$AO$6:$AO$305,1)>0,"CV","")) | AB67: Block E | AG67: =COUNTIFS('Phản ánh'!$F$6:$F$505,$AB67,'Phản ánh'!$V$6:$V$505,"<>Đã xử lý") | AI67: =COUNTIFS('Kế hoạch'!$E$6:$E$305,$AB67,'Kế hoạch'!$AO$6:$AO$305,1,'Kế hoạch'!$AR$6:$AR$305,0) | AK67: =COUNTIFS('Phản ánh'!$F$6:$F$505,$AB67,'Phản ánh'!$Y$6:$Y$505,"Quá hạn")+COUNTIFS('Kế hoạch'!$E$6:$E$305,$AB67,'Kế hoạch'!$AD$6:$AD$305,"Quá hạn") | AM67: =IF(AK67>0,"Cần xử lý",IF(AG67+AI67>0,"Theo dõi","Ổn định"))
B68: 18 | D68: =IF(COUNTIFS('Phản ánh'!$F$6:$F$505,"Block A",'Phản ánh'!$G$6:$G$505,$B68,'Phản ánh'!$V$6:$V$505,"<>Đã xử lý")>0,IF((COUNTIFS('Phản ánh'!$F$6:$F$505,"Block A",'Phản ánh'!$G$6:$G$505,$B68,'Phản ánh'!$V$6:$V$505,"<>Đã xử lý",'Phản ánh'!$J$6:$J$505,"Khẩn cấp")+COUNTIFS('Phản ánh'!$F$6:$F$505,"Block A",'Phản ánh'!$G$6:$G$505,$B68,'Phản ánh'!$V$6:$V$505,"<>Đã xử lý",'Phản ánh'!$J$6:$J$505,"Cao"))>0,-COUNTIFS('Phản ánh'!$F$6:$F$505,"Block A",'Phản ánh'!$G$6:$G$505,$B68,'Phản ánh'!$V$6:$V$505,"<>Đã xử lý"),COUNTIFS('Phản ánh'!$F$6:$F$505,"Block A",'Phản ánh'!$G$6:$G$505,$B68,'Phản ánh'!$V$6:$V$505,"<>Đã xử lý")),IF(COUNTIFS('Kế hoạch'!$E$6:$E$305,"Block A",'Kế hoạch'!$F$6:$F$305,$B68,'Kế hoạch'!$AO$6:$AO$305,1)>0,"CV","")) | H68: =IF(COUNTIFS('Phản ánh'!$F$6:$F$505,"Block B",'Phản ánh'!$G$6:$G$505,$B68,'Phản ánh'!$V$6:$V$505,"<>Đã xử lý")>0,IF((COUNTIFS('Phản ánh'!$F$6:$F$505,"Block B",'Phản ánh'!$G$6:$G$505,$B68,'Phản ánh'!$V$6:$V$505,"<>Đã xử lý",'Phản ánh'!$J$6:$J$505,"Khẩn cấp")+COUNTIFS('Phản ánh'!$F$6:$F$505,"Block B",'Phản ánh'!$G$6:$G$505,$B68,'Phản ánh'!$V$6:$V$505,"<>Đã xử lý",'Phản ánh'!$J$6:$J$505,"Cao"))>0,-COUNTIFS('Phản ánh'!$F$6:$F$505,"Block B",'Phản ánh'!$G$6:$G$505,$B68,'Phản ánh'!$V$6:$V$505,"<>Đã xử lý"),COUNTIFS('Phản ánh'!$F$6:$F$505,"Block B",'Phản ánh'!$G$6:$G$505,$B68,'Phản ánh'!$V$6:$V$505,"<>Đã xử lý")),IF(COUNTIFS('Kế hoạch'!$E$6:$E$305,"Block B",'Kế hoạch'!$F$6:$F$305,$B68,'Kế hoạch'!$AO$6:$AO$305,1)>0,"CV","")) | L68: =IF(COUNTIFS('Phản ánh'!$F$6:$F$505,"Block C",'Phản ánh'!$G$6:$G$505,$B68,'Phản ánh'!$V$6:$V$505,"<>Đã xử lý")>0,IF((COUNTIFS('Phản ánh'!$F$6:$F$505,"Block C",'Phản ánh'!$G$6:$G$505,$B68,'Phản ánh'!$V$6:$V$505,"<>Đã xử lý",'Phản ánh'!$J$6:$J$505,"Khẩn cấp")+COUNTIFS('Phản ánh'!$F$6:$F$505,"Block C",'Phản ánh'!$G$6:$G$505,$B68,'Phản ánh'!$V$6:$V$505,"<>Đã xử lý",'Phản ánh'!$J$6:$J$505,"Cao"))>0,-COUNTIFS('Phản ánh'!$F$6:$F$505,"Block C",'Phản ánh'!$G$6:$G$505,$B68,'Phản ánh'!$V$6:$V$505,"<>Đã xử lý"),COUNTIFS('Phản ánh'!$F$6:$F$505,"Block C",'Phản ánh'!$G$6:$G$505,$B68,'Phản ánh'!$V$6:$V$505,"<>Đã xử lý")),IF(COUNTIFS('Kế hoạch'!$E$6:$E$305,"Block C",'Kế hoạch'!$F$6:$F$305,$B68,'Kế hoạch'!$AO$6:$AO$305,1)>0,"CV","")) | P68: =IF(COUNTIFS('Phản ánh'!$F$6:$F$505,"Block D",'Phản ánh'!$G$6:$G$505,$B68,'Phản ánh'!$V$6:$V$505,"<>Đã xử lý")>0,IF((COUNTIFS('Phản ánh'!$F$6:$F$505,"Block D",'Phản ánh'!$G$6:$G$505,$B68,'Phản ánh'!$V$6:$V$505,"<>Đã xử lý",'Phản ánh'!$J$6:$J$505,"Khẩn cấp")+COUNTIFS('Phản ánh'!$F$6:$F$505,"Block D",'Phản ánh'!$G$6:$G$505,$B68,'Phản ánh'!$V$6:$V$505,"<>Đã xử lý",'Phản ánh'!$J$6:$J$505,"Cao"))>0,-COUNTIFS('Phản ánh'!$F$6:$F$505,"Block D",'Phản ánh'!$G$6:$G$505,$B68,'Phản ánh'!$V$6:$V$505,"<>Đã xử lý"),COUNTIFS('Phản ánh'!$F$6:$F$505,"Block D",'Phản ánh'!$G$6:$G$505,$B68,'Phản ánh'!$V$6:$V$505,"<>Đã xử lý")),IF(COUNTIFS('Kế hoạch'!$E$6:$E$305,"Block D",'Kế hoạch'!$F$6:$F$305,$B68,'Kế hoạch'!$AO$6:$AO$305,1)>0,"CV","")) | T68: =IF(COUNTIFS('Phản ánh'!$F$6:$F$505,"Block E",'Phản ánh'!$G$6:$G$505,$B68,'Phản ánh'!$V$6:$V$505,"<>Đã xử lý")>0,IF((COUNTIFS('Phản ánh'!$F$6:$F$505,"Block E",'Phản ánh'!$G$6:$G$505,$B68,'Phản ánh'!$V$6:$V$505,"<>Đã xử lý",'Phản ánh'!$J$6:$J$505,"Khẩn cấp")+COUNTIFS('Phản ánh'!$F$6:$F$505,"Block E",'Phản ánh'!$G$6:$G$505,$B68,'Phản ánh'!$V$6:$V$505,"<>Đã xử lý",'Phản ánh'!$J$6:$J$505,"Cao"))>0,-COUNTIFS('Phản ánh'!$F$6:$F$505,"Block E",'Phản ánh'!$G$6:$G$505,$B68,'Phản ánh'!$V$6:$V$505,"<>Đã xử lý"),COUNTIFS('Phản ánh'!$F$6:$F$505,"Block E",'Phản ánh'!$G$6:$G$505,$B68,'Phản ánh'!$V$6:$V$505,"<>Đã xử lý")),IF(COUNTIFS('Kế hoạch'!$E$6:$E$305,"Block E",'Kế hoạch'!$F$6:$F$305,$B68,'Kế hoạch'!$AO$6:$AO$305,1)>0,"CV","")) | X68: =IF(COUNTIFS('Phản ánh'!$F$6:$F$505,"Block G",'Phản ánh'!$G$6:$G$505,$B68,'Phản ánh'!$V$6:$V$505,"<>Đã xử lý")>0,IF((COUNTIFS('Phản ánh'!$F$6:$F$505,"Block G",'Phản ánh'!$G$6:$G$505,$B68,'Phản ánh'!$V$6:$V$505,"<>Đã xử lý",'Phản ánh'!$J$6:$J$505,"Khẩn cấp")+COUNTIFS('Phản ánh'!$F$6:$F$505,"Block G",'Phản ánh'!$G$6:$G$505,$B68,'Phản ánh'!$V$6:$V$505,"<>Đã xử lý",'Phản ánh'!$J$6:$J$505,"Cao"))>0,-COUNTIFS('Phản ánh'!$F$6:$F$505,"Block G",'Phản ánh'!$G$6:$G$505,$B68,'Phản ánh'!$V$6:$V$505,"<>Đã xử lý"),COUNTIFS('Phản ánh'!$F$6:$F$505,"Block G",'Phản ánh'!$G$6:$G$505,$B68,'Phản ánh'!$V$6:$V$505,"<>Đã xử lý")),IF(COUNTIFS('Kế hoạch'!$E$6:$E$305,"Block G",'Kế hoạch'!$F$6:$F$305,$B68,'Kế hoạch'!$AO$6:$AO$305,1)>0,"CV","")) | AB68: Block G | AG68: =COUNTIFS('Phản ánh'!$F$6:$F$505,$AB68,'Phản ánh'!$V$6:$V$505,"<>Đã xử lý") | AI68: =COUNTIFS('Kế hoạch'!$E$6:$E$305,$AB68,'Kế hoạch'!$AO$6:$AO$305,1,'Kế hoạch'!$AR$6:$AR$305,0) | AK68: =COUNTIFS('Phản ánh'!$F$6:$F$505,$AB68,'Phản ánh'!$Y$6:$Y$505,"Quá hạn")+COUNTIFS('Kế hoạch'!$E$6:$E$305,$AB68,'Kế hoạch'!$AD$6:$AD$305,"Quá hạn") | AM68: =IF(AK68>0,"Cần xử lý",IF(AG68+AI68>0,"Theo dõi","Ổn định"))
B69: 17 | D69: =IF(COUNTIFS('Phản ánh'!$F$6:$F$505,"Block A",'Phản ánh'!$G$6:$G$505,$B69,'Phản ánh'!$V$6:$V$505,"<>Đã xử lý")>0,IF((COUNTIFS('Phản ánh'!$F$6:$F$505,"Block A",'Phản ánh'!$G$6:$G$505,$B69,'Phản ánh'!$V$6:$V$505,"<>Đã xử lý",'Phản ánh'!$J$6:$J$505,"Khẩn cấp")+COUNTIFS('Phản ánh'!$F$6:$F$505,"Block A",'Phản ánh'!$G$6:$G$505,$B69,'Phản ánh'!$V$6:$V$505,"<>Đã xử lý",'Phản ánh'!$J$6:$J$505,"Cao"))>0,-COUNTIFS('Phản ánh'!$F$6:$F$505,"Block A",'Phản ánh'!$G$6:$G$505,$B69,'Phản ánh'!$V$6:$V$505,"<>Đã xử lý"),COUNTIFS('Phản ánh'!$F$6:$F$505,"Block A",'Phản ánh'!$G$6:$G$505,$B69,'Phản ánh'!$V$6:$V$505,"<>Đã xử lý")),IF(COUNTIFS('Kế hoạch'!$E$6:$E$305,"Block A",'Kế hoạch'!$F$6:$F$305,$B69,'Kế hoạch'!$AO$6:$AO$305,1)>0,"CV","")) | H69: =IF(COUNTIFS('Phản ánh'!$F$6:$F$505,"Block B",'Phản ánh'!$G$6:$G$505,$B69,'Phản ánh'!$V$6:$V$505,"<>Đã xử lý")>0,IF((COUNTIFS('Phản ánh'!$F$6:$F$505,"Block B",'Phản ánh'!$G$6:$G$505,$B69,'Phản ánh'!$V$6:$V$505,"<>Đã xử lý",'Phản ánh'!$J$6:$J$505,"Khẩn cấp")+COUNTIFS('Phản ánh'!$F$6:$F$505,"Block B",'Phản ánh'!$G$6:$G$505,$B69,'Phản ánh'!$V$6:$V$505,"<>Đã xử lý",'Phản ánh'!$J$6:$J$505,"Cao"))>0,-COUNTIFS('Phản ánh'!$F$6:$F$505,"Block B",'Phản ánh'!$G$6:$G$505,$B69,'Phản ánh'!$V$6:$V$505,"<>Đã xử lý"),COUNTIFS('Phản ánh'!$F$6:$F$505,"Block B",'Phản ánh'!$G$6:$G$505,$B69,'Phản ánh'!$V$6:$V$505,"<>Đã xử lý")),IF(COUNTIFS('Kế hoạch'!$E$6:$E$305,"Block B",'Kế hoạch'!$F$6:$F$305,$B69,'Kế hoạch'!$AO$6:$AO$305,1)>0,"CV","")) | L69: =IF(COUNTIFS('Phản ánh'!$F$6:$F$505,"Block C",'Phản ánh'!$G$6:$G$505,$B69,'Phản ánh'!$V$6:$V$505,"<>Đã xử lý")>0,IF((COUNTIFS('Phản ánh'!$F$6:$F$505,"Block C",'Phản ánh'!$G$6:$G$505,$B69,'Phản ánh'!$V$6:$V$505,"<>Đã xử lý",'Phản ánh'!$J$6:$J$505,"Khẩn cấp")+COUNTIFS('Phản ánh'!$F$6:$F$505,"Block C",'Phản ánh'!$G$6:$G$505,$B69,'Phản ánh'!$V$6:$V$505,"<>Đã xử lý",'Phản ánh'!$J$6:$J$505,"Cao"))>0,-COUNTIFS('Phản ánh'!$F$6:$F$505,"Block C",'Phản ánh'!$G$6:$G$505,$B69,'Phản ánh'!$V$6:$V$505,"<>Đã xử lý"),COUNTIFS('Phản ánh'!$F$6:$F$505,"Block C",'Phản ánh'!$G$6:$G$505,$B69,'Phản ánh'!$V$6:$V$505,"<>Đã xử lý")),IF(COUNTIFS('Kế hoạch'!$E$6:$E$305,"Block C",'Kế hoạch'!$F$6:$F$305,$B69,'Kế hoạch'!$AO$6:$AO$305,1)>0,"CV","")) | P69: =IF(COUNTIFS('Phản ánh'!$F$6:$F$505,"Block D",'Phản ánh'!$G$6:$G$505,$B69,'Phản ánh'!$V$6:$V$505,"<>Đã xử lý")>0,IF((COUNTIFS('Phản ánh'!$F$6:$F$505,"Block D",'Phản ánh'!$G$6:$G$505,$B69,'Phản ánh'!$V$6:$V$505,"<>Đã xử lý",'Phản ánh'!$J$6:$J$505,"Khẩn cấp")+COUNTIFS('Phản ánh'!$F$6:$F$505,"Block D",'Phản ánh'!$G$6:$G$505,$B69,'Phản ánh'!$V$6:$V$505,"<>Đã xử lý",'Phản ánh'!$J$6:$J$505,"Cao"))>0,-COUNTIFS('Phản ánh'!$F$6:$F$505,"Block D",'Phản ánh'!$G$6:$G$505,$B69,'Phản ánh'!$V$6:$V$505,"<>Đã xử lý"),COUNTIFS('Phản ánh'!$F$6:$F$505,"Block D",'Phản ánh'!$G$6:$G$505,$B69,'Phản ánh'!$V$6:$V$505,"<>Đã xử lý")),IF(COUNTIFS('Kế hoạch'!$E$6:$E$305,"Block D",'Kế hoạch'!$F$6:$F$305,$B69,'Kế hoạch'!$AO$6:$AO$305,1)>0,"CV","")) | T69: =IF(COUNTIFS('Phản ánh'!$F$6:$F$505,"Block E",'Phản ánh'!$G$6:$G$505,$B69,'Phản ánh'!$V$6:$V$505,"<>Đã xử lý")>0,IF((COUNTIFS('Phản ánh'!$F$6:$F$505,"Block E",'Phản ánh'!$G$6:$G$505,$B69,'Phản ánh'!$V$6:$V$505,"<>Đã xử lý",'Phản ánh'!$J$6:$J$505,"Khẩn cấp")+COUNTIFS('Phản ánh'!$F$6:$F$505,"Block E",'Phản ánh'!$G$6:$G$505,$B69,'Phản ánh'!$V$6:$V$505,"<>Đã xử lý",'Phản ánh'!$J$6:$J$505,"Cao"))>0,-COUNTIFS('Phản ánh'!$F$6:$F$505,"Block E",'Phản ánh'!$G$6:$G$505,$B69,'Phản ánh'!$V$6:$V$505,"<>Đã xử lý"),COUNTIFS('Phản ánh'!$F$6:$F$505,"Block E",'Phản ánh'!$G$6:$G$505,$B69,'Phản ánh'!$V$6:$V$505,"<>Đã xử lý")),IF(COUNTIFS('Kế hoạch'!$E$6:$E$305,"Block E",'Kế hoạch'!$F$6:$F$305,$B69,'Kế hoạch'!$AO$6:$AO$305,1)>0,"CV","")) | X69: =IF(COUNTIFS('Phản ánh'!$F$6:$F$505,"Block G",'Phản ánh'!$G$6:$G$505,$B69,'Phản ánh'!$V$6:$V$505,"<>Đã xử lý")>0,IF((COUNTIFS('Phản ánh'!$F$6:$F$505,"Block G",'Phản ánh'!$G$6:$G$505,$B69,'Phản ánh'!$V$6:$V$505,"<>Đã xử lý",'Phản ánh'!$J$6:$J$505,"Khẩn cấp")+COUNTIFS('Phản ánh'!$F$6:$F$505,"Block G",'Phản ánh'!$G$6:$G$505,$B69,'Phản ánh'!$V$6:$V$505,"<>Đã xử lý",'Phản ánh'!$J$6:$J$505,"Cao"))>0,-COUNTIFS('Phản ánh'!$F$6:$F$505,"Block G",'Phản ánh'!$G$6:$G$505,$B69,'Phản ánh'!$V$6:$V$505,"<>Đã xử lý"),COUNTIFS('Phản ánh'!$F$6:$F$505,"Block G",'Phản ánh'!$G$6:$G$505,$B69,'Phản ánh'!$V$6:$V$505,"<>Đã xử lý")),IF(COUNTIFS('Kế hoạch'!$E$6:$E$305,"Block G",'Kế hoạch'!$F$6:$F$305,$B69,'Kế hoạch'!$AO$6:$AO$305,1)>0,"CV","")) | AB69: Cổng 1 | AG69: =COUNTIFS('Phản ánh'!$F$6:$F$505,$AB69,'Phản ánh'!$V$6:$V$505,"<>Đã xử lý") | AI69: =COUNTIFS('Kế hoạch'!$E$6:$E$305,$AB69,'Kế hoạch'!$AO$6:$AO$305,1,'Kế hoạch'!$AR$6:$AR$305,0) | AK69: =COUNTIFS('Phản ánh'!$F$6:$F$505,$AB69,'Phản ánh'!$Y$6:$Y$505,"Quá hạn")+COUNTIFS('Kế hoạch'!$E$6:$E$305,$AB69,'Kế hoạch'!$AD$6:$AD$305,"Quá hạn") | AM69: =IF(AK69>0,"Cần xử lý",IF(AG69+AI69>0,"Theo dõi","Ổn định"))
B70: 16 | D70: =IF(COUNTIFS('Phản ánh'!$F$6:$F$505,"Block A",'Phản ánh'!$G$6:$G$505,$B70,'Phản ánh'!$V$6:$V$505,"<>Đã xử lý")>0,IF((COUNTIFS('Phản ánh'!$F$6:$F$505,"Block A",'Phản ánh'!$G$6:$G$505,$B70,'Phản ánh'!$V$6:$V$505,"<>Đã xử lý",'Phản ánh'!$J$6:$J$505,"Khẩn cấp")+COUNTIFS('Phản ánh'!$F$6:$F$505,"Block A",'Phản ánh'!$G$6:$G$505,$B70,'Phản ánh'!$V$6:$V$505,"<>Đã xử lý",'Phản ánh'!$J$6:$J$505,"Cao"))>0,-COUNTIFS('Phản ánh'!$F$6:$F$505,"Block A",'Phản ánh'!$G$6:$G$505,$B70,'Phản ánh'!$V$6:$V$505,"<>Đã xử lý"),COUNTIFS('Phản ánh'!$F$6:$F$505,"Block A",'Phản ánh'!$G$6:$G$505,$B70,'Phản ánh'!$V$6:$V$505,"<>Đã xử lý")),IF(COUNTIFS('Kế hoạch'!$E$6:$E$305,"Block A",'Kế hoạch'!$F$6:$F$305,$B70,'Kế hoạch'!$AO$6:$AO$305,1)>0,"CV","")) | H70: =IF(COUNTIFS('Phản ánh'!$F$6:$F$505,"Block B",'Phản ánh'!$G$6:$G$505,$B70,'Phản ánh'!$V$6:$V$505,"<>Đã xử lý")>0,IF((COUNTIFS('Phản ánh'!$F$6:$F$505,"Block B",'Phản ánh'!$G$6:$G$505,$B70,'Phản ánh'!$V$6:$V$505,"<>Đã xử lý",'Phản ánh'!$J$6:$J$505,"Khẩn cấp")+COUNTIFS('Phản ánh'!$F$6:$F$505,"Block B",'Phản ánh'!$G$6:$G$505,$B70,'Phản ánh'!$V$6:$V$505,"<>Đã xử lý",'Phản ánh'!$J$6:$J$505,"Cao"))>0,-COUNTIFS('Phản ánh'!$F$6:$F$505,"Block B",'Phản ánh'!$G$6:$G$505,$B70,'Phản ánh'!$V$6:$V$505,"<>Đã xử lý"),COUNTIFS('Phản ánh'!$F$6:$F$505,"Block B",'Phản ánh'!$G$6:$G$505,$B70,'Phản ánh'!$V$6:$V$505,"<>Đã xử lý")),IF(COUNTIFS('Kế hoạch'!$E$6:$E$305,"Block B",'Kế hoạch'!$F$6:$F$305,$B70,'Kế hoạch'!$AO$6:$AO$305,1)>0,"CV","")) | L70: =IF(COUNTIFS('Phản ánh'!$F$6:$F$505,"Block C",'Phản ánh'!$G$6:$G$505,$B70,'Phản ánh'!$V$6:$V$505,"<>Đã xử lý")>0,IF((COUNTIFS('Phản ánh'!$F$6:$F$505,"Block C",'Phản ánh'!$G$6:$G$505,$B70,'Phản ánh'!$V$6:$V$505,"<>Đã xử lý",'Phản ánh'!$J$6:$J$505,"Khẩn cấp")+COUNTIFS('Phản ánh'!$F$6:$F$505,"Block C",'Phản ánh'!$G$6:$G$505,$B70,'Phản ánh'!$V$6:$V$505,"<>Đã xử lý",'Phản ánh'!$J$6:$J$505,"Cao"))>0,-COUNTIFS('Phản ánh'!$F$6:$F$505,"Block C",'Phản ánh'!$G$6:$G$505,$B70,'Phản ánh'!$V$6:$V$505,"<>Đã xử lý"),COUNTIFS('Phản ánh'!$F$6:$F$505,"Block C",'Phản ánh'!$G$6:$G$505,$B70,'Phản ánh'!$V$6:$V$505,"<>Đã xử lý")),IF(COUNTIFS('Kế hoạch'!$E$6:$E$305,"Block C",'Kế hoạch'!$F$6:$F$305,$B70,'Kế hoạch'!$AO$6:$AO$305,1)>0,"CV","")) | P70: =IF(COUNTIFS('Phản ánh'!$F$6:$F$505,"Block D",'Phản ánh'!$G$6:$G$505,$B70,'Phản ánh'!$V$6:$V$505,"<>Đã xử lý")>0,IF((COUNTIFS('Phản ánh'!$F$6:$F$505,"Block D",'Phản ánh'!$G$6:$G$505,$B70,'Phản ánh'!$V$6:$V$505,"<>Đã xử lý",'Phản ánh'!$J$6:$J$505,"Khẩn cấp")+COUNTIFS('Phản ánh'!$F$6:$F$505,"Block D",'Phản ánh'!$G$6:$G$505,$B70,'Phản ánh'!$V$6:$V$505,"<>Đã xử lý",'Phản ánh'!$J$6:$J$505,"Cao"))>0,-COUNTIFS('Phản ánh'!$F$6:$F$505,"Block D",'Phản ánh'!$G$6:$G$505,$B70,'Phản ánh'!$V$6:$V$505,"<>Đã xử lý"),COUNTIFS('Phản ánh'!$F$6:$F$505,"Block D",'Phản ánh'!$G$6:$G$505,$B70,'Phản ánh'!$V$6:$V$505,"<>Đã xử lý")),IF(COUNTIFS('Kế hoạch'!$E$6:$E$305,"Block D",'Kế hoạch'!$F$6:$F$305,$B70,'Kế hoạch'!$AO$6:$AO$305,1)>0,"CV","")) | T70: =IF(COUNTIFS('Phản ánh'!$F$6:$F$505,"Block E",'Phản ánh'!$G$6:$G$505,$B70,'Phản ánh'!$V$6:$V$505,"<>Đã xử lý")>0,IF((COUNTIFS('Phản ánh'!$F$6:$F$505,"Block E",'Phản ánh'!$G$6:$G$505,$B70,'Phản ánh'!$V$6:$V$505,"<>Đã xử lý",'Phản ánh'!$J$6:$J$505,"Khẩn cấp")+COUNTIFS('Phản ánh'!$F$6:$F$505,"Block E",'Phản ánh'!$G$6:$G$505,$B70,'Phản ánh'!$V$6:$V$505,"<>Đã xử lý",'Phản ánh'!$J$6:$J$505,"Cao"))>0,-COUNTIFS('Phản ánh'!$F$6:$F$505,"Block E",'Phản ánh'!$G$6:$G$505,$B70,'Phản ánh'!$V$6:$V$505,"<>Đã xử lý"),COUNTIFS('Phản ánh'!$F$6:$F$505,"Block E",'Phản ánh'!$G$6:$G$505,$B70,'Phản ánh'!$V$6:$V$505,"<>Đã xử lý")),IF(COUNTIFS('Kế hoạch'!$E$6:$E$305,"Block E",'Kế hoạch'!$F$6:$F$305,$B70,'Kế hoạch'!$AO$6:$AO$305,1)>0,"CV","")) | X70: =IF(COUNTIFS('Phản ánh'!$F$6:$F$505,"Block G",'Phản ánh'!$G$6:$G$505,$B70,'Phản ánh'!$V$6:$V$505,"<>Đã xử lý")>0,IF((COUNTIFS('Phản ánh'!$F$6:$F$505,"Block G",'Phản ánh'!$G$6:$G$505,$B70,'Phản ánh'!$V$6:$V$505,"<>Đã xử lý",'Phản ánh'!$J$6:$J$505,"Khẩn cấp")+COUNTIFS('Phản ánh'!$F$6:$F$505,"Block G",'Phản ánh'!$G$6:$G$505,$B70,'Phản ánh'!$V$6:$V$505,"<>Đã xử lý",'Phản ánh'!$J$6:$J$505,"Cao"))>0,-COUNTIFS('Phản ánh'!$F$6:$F$505,"Block G",'Phản ánh'!$G$6:$G$505,$B70,'Phản ánh'!$V$6:$V$505,"<>Đã xử lý"),COUNTIFS('Phản ánh'!$F$6:$F$505,"Block G",'Phản ánh'!$G$6:$G$505,$B70,'Phản ánh'!$V$6:$V$505,"<>Đã xử lý")),IF(COUNTIFS('Kế hoạch'!$E$6:$E$305,"Block G",'Kế hoạch'!$F$6:$F$305,$B70,'Kế hoạch'!$AO$6:$AO$305,1)>0,"CV","")) | AB70: Cổng 2 | AG70: =COUNTIFS('Phản ánh'!$F$6:$F$505,$AB70,'Phản ánh'!$V$6:$V$505,"<>Đã xử lý") | AI70: =COUNTIFS('Kế hoạch'!$E$6:$E$305,$AB70,'Kế hoạch'!$AO$6:$AO$305,1,'Kế hoạch'!$AR$6:$AR$305,0) | AK70: =COUNTIFS('Phản ánh'!$F$6:$F$505,$AB70,'Phản ánh'!$Y$6:$Y$505,"Quá hạn")+COUNTIFS('Kế hoạch'!$E$6:$E$305,$AB70,'Kế hoạch'!$AD$6:$AD$305,"Quá hạn") | AM70: =IF(AK70>0,"Cần xử lý",IF(AG70+AI70>0,"Theo dõi","Ổn định"))
B71: 15 | D71: =IF(COUNTIFS('Phản ánh'!$F$6:$F$505,"Block A",'Phản ánh'!$G$6:$G$505,$B71,'Phản ánh'!$V$6:$V$505,"<>Đã xử lý")>0,IF((COUNTIFS('Phản ánh'!$F$6:$F$505,"Block A",'Phản ánh'!$G$6:$G$505,$B71,'Phản ánh'!$V$6:$V$505,"<>Đã xử lý",'Phản ánh'!$J$6:$J$505,"Khẩn cấp")+COUNTIFS('Phản ánh'!$F$6:$F$505,"Block A",'Phản ánh'!$G$6:$G$505,$B71,'Phản ánh'!$V$6:$V$505,"<>Đã xử lý",'Phản ánh'!$J$6:$J$505,"Cao"))>0,-COUNTIFS('Phản ánh'!$F$6:$F$505,"Block A",'Phản ánh'!$G$6:$G$505,$B71,'Phản ánh'!$V$6:$V$505,"<>Đã xử lý"),COUNTIFS('Phản ánh'!$F$6:$F$505,"Block A",'Phản ánh'!$G$6:$G$505,$B71,'Phản ánh'!$V$6:$V$505,"<>Đã xử lý")),IF(COUNTIFS('Kế hoạch'!$E$6:$E$305,"Block A",'Kế hoạch'!$F$6:$F$305,$B71,'Kế hoạch'!$AO$6:$AO$305,1)>0,"CV","")) | H71: =IF(COUNTIFS('Phản ánh'!$F$6:$F$505,"Block B",'Phản ánh'!$G$6:$G$505,$B71,'Phản ánh'!$V$6:$V$505,"<>Đã xử lý")>0,IF((COUNTIFS('Phản ánh'!$F$6:$F$505,"Block B",'Phản ánh'!$G$6:$G$505,$B71,'Phản ánh'!$V$6:$V$505,"<>Đã xử lý",'Phản ánh'!$J$6:$J$505,"Khẩn cấp")+COUNTIFS('Phản ánh'!$F$6:$F$505,"Block B",'Phản ánh'!$G$6:$G$505,$B71,'Phản ánh'!$V$6:$V$505,"<>Đã xử lý",'Phản ánh'!$J$6:$J$505,"Cao"))>0,-COUNTIFS('Phản ánh'!$F$6:$F$505,"Block B",'Phản ánh'!$G$6:$G$505,$B71,'Phản ánh'!$V$6:$V$505,"<>Đã xử lý"),COUNTIFS('Phản ánh'!$F$6:$F$505,"Block B",'Phản ánh'!$G$6:$G$505,$B71,'Phản ánh'!$V$6:$V$505,"<>Đã xử lý")),IF(COUNTIFS('Kế hoạch'!$E$6:$E$305,"Block B",'Kế hoạch'!$F$6:$F$305,$B71,'Kế hoạch'!$AO$6:$AO$305,1)>0,"CV","")) | L71: =IF(COUNTIFS('Phản ánh'!$F$6:$F$505,"Block C",'Phản ánh'!$G$6:$G$505,$B71,'Phản ánh'!$V$6:$V$505,"<>Đã xử lý")>0,IF((COUNTIFS('Phản ánh'!$F$6:$F$505,"Block C",'Phản ánh'!$G$6:$G$505,$B71,'Phản ánh'!$V$6:$V$505,"<>Đã xử lý",'Phản ánh'!$J$6:$J$505,"Khẩn cấp")+COUNTIFS('Phản ánh'!$F$6:$F$505,"Block C",'Phản ánh'!$G$6:$G$505,$B71,'Phản ánh'!$V$6:$V$505,"<>Đã xử lý",'Phản ánh'!$J$6:$J$505,"Cao"))>0,-COUNTIFS('Phản ánh'!$F$6:$F$505,"Block C",'Phản ánh'!$G$6:$G$505,$B71,'Phản ánh'!$V$6:$V$505,"<>Đã xử lý"),COUNTIFS('Phản ánh'!$F$6:$F$505,"Block C",'Phản ánh'!$G$6:$G$505,$B71,'Phản ánh'!$V$6:$V$505,"<>Đã xử lý")),IF(COUNTIFS('Kế hoạch'!$E$6:$E$305,"Block C",'Kế hoạch'!$F$6:$F$305,$B71,'Kế hoạch'!$AO$6:$AO$305,1)>0,"CV","")) | P71: =IF(COUNTIFS('Phản ánh'!$F$6:$F$505,"Block D",'Phản ánh'!$G$6:$G$505,$B71,'Phản ánh'!$V$6:$V$505,"<>Đã xử lý")>0,IF((COUNTIFS('Phản ánh'!$F$6:$F$505,"Block D",'Phản ánh'!$G$6:$G$505,$B71,'Phản ánh'!$V$6:$V$505,"<>Đã xử lý",'Phản ánh'!$J$6:$J$505,"Khẩn cấp")+COUNTIFS('Phản ánh'!$F$6:$F$505,"Block D",'Phản ánh'!$G$6:$G$505,$B71,'Phản ánh'!$V$6:$V$505,"<>Đã xử lý",'Phản ánh'!$J$6:$J$505,"Cao"))>0,-COUNTIFS('Phản ánh'!$F$6:$F$505,"Block D",'Phản ánh'!$G$6:$G$505,$B71,'Phản ánh'!$V$6:$V$505,"<>Đã xử lý"),COUNTIFS('Phản ánh'!$F$6:$F$505,"Block D",'Phản ánh'!$G$6:$G$505,$B71,'Phản ánh'!$V$6:$V$505,"<>Đã xử lý")),IF(COUNTIFS('Kế hoạch'!$E$6:$E$305,"Block D",'Kế hoạch'!$F$6:$F$305,$B71,'Kế hoạch'!$AO$6:$AO$305,1)>0,"CV","")) | T71: =IF(COUNTIFS('Phản ánh'!$F$6:$F$505,"Block E",'Phản ánh'!$G$6:$G$505,$B71,'Phản ánh'!$V$6:$V$505,"<>Đã xử lý")>0,IF((COUNTIFS('Phản ánh'!$F$6:$F$505,"Block E",'Phản ánh'!$G$6:$G$505,$B71,'Phản ánh'!$V$6:$V$505,"<>Đã xử lý",'Phản ánh'!$J$6:$J$505,"Khẩn cấp")+COUNTIFS('Phản ánh'!$F$6:$F$505,"Block E",'Phản ánh'!$G$6:$G$505,$B71,'Phản ánh'!$V$6:$V$505,"<>Đã xử lý",'Phản ánh'!$J$6:$J$505,"Cao"))>0,-COUNTIFS('Phản ánh'!$F$6:$F$505,"Block E",'Phản ánh'!$G$6:$G$505,$B71,'Phản ánh'!$V$6:$V$505,"<>Đã xử lý"),COUNTIFS('Phản ánh'!$F$6:$F$505,"Block E",'Phản ánh'!$G$6:$G$505,$B71,'Phản ánh'!$V$6:$V$505,"<>Đã xử lý")),IF(COUNTIFS('Kế hoạch'!$E$6:$E$305,"Block E",'Kế hoạch'!$F$6:$F$305,$B71,'Kế hoạch'!$AO$6:$AO$305,1)>0,"CV","")) | X71: =IF(COUNTIFS('Phản ánh'!$F$6:$F$505,"Block G",'Phản ánh'!$G$6:$G$505,$B71,'Phản ánh'!$V$6:$V$505,"<>Đã xử lý")>0,IF((COUNTIFS('Phản ánh'!$F$6:$F$505,"Block G",'Phản ánh'!$G$6:$G$505,$B71,'Phản ánh'!$V$6:$V$505,"<>Đã xử lý",'Phản ánh'!$J$6:$J$505,"Khẩn cấp")+COUNTIFS('Phản ánh'!$F$6:$F$505,"Block G",'Phản ánh'!$G$6:$G$505,$B71,'Phản ánh'!$V$6:$V$505,"<>Đã xử lý",'Phản ánh'!$J$6:$J$505,"Cao"))>0,-COUNTIFS('Phản ánh'!$F$6:$F$505,"Block G",'Phản ánh'!$G$6:$G$505,$B71,'Phản ánh'!$V$6:$V$505,"<>Đã xử lý"),COUNTIFS('Phản ánh'!$F$6:$F$505,"Block G",'Phản ánh'!$G$6:$G$505,$B71,'Phản ánh'!$V$6:$V$505,"<>Đã xử lý")),IF(COUNTIFS('Kế hoạch'!$E$6:$E$305,"Block G",'Kế hoạch'!$F$6:$F$305,$B71,'Kế hoạch'!$AO$6:$AO$305,1)>0,"CV","")) | AB71: Hầm xe | AG71: =COUNTIFS('Phản ánh'!$F$6:$F$505,$AB71,'Phản ánh'!$V$6:$V$505,"<>Đã xử lý") | AI71: =COUNTIFS('Kế hoạch'!$E$6:$E$305,$AB71,'Kế hoạch'!$AO$6:$AO$305,1,'Kế hoạch'!$AR$6:$AR$305,0) | AK71: =COUNTIFS('Phản ánh'!$F$6:$F$505,$AB71,'Phản ánh'!$Y$6:$Y$505,"Quá hạn")+COUNTIFS('Kế hoạch'!$E$6:$E$305,$AB71,'Kế hoạch'!$AD$6:$AD$305,"Quá hạn") | AM71: =IF(AK71>0,"Cần xử lý",IF(AG71+AI71>0,"Theo dõi","Ổn định"))
B72: 14 | D72: =IF(COUNTIFS('Phản ánh'!$F$6:$F$505,"Block A",'Phản ánh'!$G$6:$G$505,$B72,'Phản ánh'!$V$6:$V$505,"<>Đã xử lý")>0,IF((COUNTIFS('Phản ánh'!$F$6:$F$505,"Block A",'Phản ánh'!$G$6:$G$505,$B72,'Phản ánh'!$V$6:$V$505,"<>Đã xử lý",'Phản ánh'!$J$6:$J$505,"Khẩn cấp")+COUNTIFS('Phản ánh'!$F$6:$F$505,"Block A",'Phản ánh'!$G$6:$G$505,$B72,'Phản ánh'!$V$6:$V$505,"<>Đã xử lý",'Phản ánh'!$J$6:$J$505,"Cao"))>0,-COUNTIFS('Phản ánh'!$F$6:$F$505,"Block A",'Phản ánh'!$G$6:$G$505,$B72,'Phản ánh'!$V$6:$V$505,"<>Đã xử lý"),COUNTIFS('Phản ánh'!$F$6:$F$505,"Block A",'Phản ánh'!$G$6:$G$505,$B72,'Phản ánh'!$V$6:$V$505,"<>Đã xử lý")),IF(COUNTIFS('Kế hoạch'!$E$6:$E$305,"Block A",'Kế hoạch'!$F$6:$F$305,$B72,'Kế hoạch'!$AO$6:$AO$305,1)>0,"CV","")) | H72: =IF(COUNTIFS('Phản ánh'!$F$6:$F$505,"Block B",'Phản ánh'!$G$6:$G$505,$B72,'Phản ánh'!$V$6:$V$505,"<>Đã xử lý")>0,IF((COUNTIFS('Phản ánh'!$F$6:$F$505,"Block B",'Phản ánh'!$G$6:$G$505,$B72,'Phản ánh'!$V$6:$V$505,"<>Đã xử lý",'Phản ánh'!$J$6:$J$505,"Khẩn cấp")+COUNTIFS('Phản ánh'!$F$6:$F$505,"Block B",'Phản ánh'!$G$6:$G$505,$B72,'Phản ánh'!$V$6:$V$505,"<>Đã xử lý",'Phản ánh'!$J$6:$J$505,"Cao"))>0,-COUNTIFS('Phản ánh'!$F$6:$F$505,"Block B",'Phản ánh'!$G$6:$G$505,$B72,'Phản ánh'!$V$6:$V$505,"<>Đã xử lý"),COUNTIFS('Phản ánh'!$F$6:$F$505,"Block B",'Phản ánh'!$G$6:$G$505,$B72,'Phản ánh'!$V$6:$V$505,"<>Đã xử lý")),IF(COUNTIFS('Kế hoạch'!$E$6:$E$305,"Block B",'Kế hoạch'!$F$6:$F$305,$B72,'Kế hoạch'!$AO$6:$AO$305,1)>0,"CV","")) | L72: =IF(COUNTIFS('Phản ánh'!$F$6:$F$505,"Block C",'Phản ánh'!$G$6:$G$505,$B72,'Phản ánh'!$V$6:$V$505,"<>Đã xử lý")>0,IF((COUNTIFS('Phản ánh'!$F$6:$F$505,"Block C",'Phản ánh'!$G$6:$G$505,$B72,'Phản ánh'!$V$6:$V$505,"<>Đã xử lý",'Phản ánh'!$J$6:$J$505,"Khẩn cấp")+COUNTIFS('Phản ánh'!$F$6:$F$505,"Block C",'Phản ánh'!$G$6:$G$505,$B72,'Phản ánh'!$V$6:$V$505,"<>Đã xử lý",'Phản ánh'!$J$6:$J$505,"Cao"))>0,-COUNTIFS('Phản ánh'!$F$6:$F$505,"Block C",'Phản ánh'!$G$6:$G$505,$B72,'Phản ánh'!$V$6:$V$505,"<>Đã xử lý"),COUNTIFS('Phản ánh'!$F$6:$F$505,"Block C",'Phản ánh'!$G$6:$G$505,$B72,'Phản ánh'!$V$6:$V$505,"<>Đã xử lý")),IF(COUNTIFS('Kế hoạch'!$E$6:$E$305,"Block C",'Kế hoạch'!$F$6:$F$305,$B72,'Kế hoạch'!$AO$6:$AO$305,1)>0,"CV","")) | P72: =IF(COUNTIFS('Phản ánh'!$F$6:$F$505,"Block D",'Phản ánh'!$G$6:$G$505,$B72,'Phản ánh'!$V$6:$V$505,"<>Đã xử lý")>0,IF((COUNTIFS('Phản ánh'!$F$6:$F$505,"Block D",'Phản ánh'!$G$6:$G$505,$B72,'Phản ánh'!$V$6:$V$505,"<>Đã xử lý",'Phản ánh'!$J$6:$J$505,"Khẩn cấp")+COUNTIFS('Phản ánh'!$F$6:$F$505,"Block D",'Phản ánh'!$G$6:$G$505,$B72,'Phản ánh'!$V$6:$V$505,"<>Đã xử lý",'Phản ánh'!$J$6:$J$505,"Cao"))>0,-COUNTIFS('Phản ánh'!$F$6:$F$505,"Block D",'Phản ánh'!$G$6:$G$505,$B72,'Phản ánh'!$V$6:$V$505,"<>Đã xử lý"),COUNTIFS('Phản ánh'!$F$6:$F$505,"Block D",'Phản ánh'!$G$6:$G$505,$B72,'Phản ánh'!$V$6:$V$505,"<>Đã xử lý")),IF(COUNTIFS('Kế hoạch'!$E$6:$E$305,"Block D",'Kế hoạch'!$F$6:$F$305,$B72,'Kế hoạch'!$AO$6:$AO$305,1)>0,"CV","")) | T72: =IF(COUNTIFS('Phản ánh'!$F$6:$F$505,"Block E",'Phản ánh'!$G$6:$G$505,$B72,'Phản ánh'!$V$6:$V$505,"<>Đã xử lý")>0,IF((COUNTIFS('Phản ánh'!$F$6:$F$505,"Block E",'Phản ánh'!$G$6:$G$505,$B72,'Phản ánh'!$V$6:$V$505,"<>Đã xử lý",'Phản ánh'!$J$6:$J$505,"Khẩn cấp")+COUNTIFS('Phản ánh'!$F$6:$F$505,"Block E",'Phản ánh'!$G$6:$G$505,$B72,'Phản ánh'!$V$6:$V$505,"<>Đã xử lý",'Phản ánh'!$J$6:$J$505,"Cao"))>0,-COUNTIFS('Phản ánh'!$F$6:$F$505,"Block E",'Phản ánh'!$G$6:$G$505,$B72,'Phản ánh'!$V$6:$V$505,"<>Đã xử lý"),COUNTIFS('Phản ánh'!$F$6:$F$505,"Block E",'Phản ánh'!$G$6:$G$505,$B72,'Phản ánh'!$V$6:$V$505,"<>Đã xử lý")),IF(COUNTIFS('Kế hoạch'!$E$6:$E$305,"Block E",'Kế hoạch'!$F$6:$F$305,$B72,'Kế hoạch'!$AO$6:$AO$305,1)>0,"CV","")) | X72: =IF(COUNTIFS('Phản ánh'!$F$6:$F$505,"Block G",'Phản ánh'!$G$6:$G$505,$B72,'Phản ánh'!$V$6:$V$505,"<>Đã xử lý")>0,IF((COUNTIFS('Phản ánh'!$F$6:$F$505,"Block G",'Phản ánh'!$G$6:$G$505,$B72,'Phản ánh'!$V$6:$V$505,"<>Đã xử lý",'Phản ánh'!$J$6:$J$505,"Khẩn cấp")+COUNTIFS('Phản ánh'!$F$6:$F$505,"Block G",'Phản ánh'!$G$6:$G$505,$B72,'Phản ánh'!$V$6:$V$505,"<>Đã xử lý",'Phản ánh'!$J$6:$J$505,"Cao"))>0,-COUNTIFS('Phản ánh'!$F$6:$F$505,"Block G",'Phản ánh'!$G$6:$G$505,$B72,'Phản ánh'!$V$6:$V$505,"<>Đã xử lý"),COUNTIFS('Phản ánh'!$F$6:$F$505,"Block G",'Phản ánh'!$G$6:$G$505,$B72,'Phản ánh'!$V$6:$V$505,"<>Đã xử lý")),IF(COUNTIFS('Kế hoạch'!$E$6:$E$305,"Block G",'Kế hoạch'!$F$6:$F$305,$B72,'Kế hoạch'!$AO$6:$AO$305,1)>0,"CV","")) | AB72: Khu hồ bơi | AG72: =COUNTIFS('Phản ánh'!$F$6:$F$505,$AB72,'Phản ánh'!$V$6:$V$505,"<>Đã xử lý") | AI72: =COUNTIFS('Kế hoạch'!$E$6:$E$305,$AB72,'Kế hoạch'!$AO$6:$AO$305,1,'Kế hoạch'!$AR$6:$AR$305,0) | AK72: =COUNTIFS('Phản ánh'!$F$6:$F$505,$AB72,'Phản ánh'!$Y$6:$Y$505,"Quá hạn")+COUNTIFS('Kế hoạch'!$E$6:$E$305,$AB72,'Kế hoạch'!$AD$6:$AD$305,"Quá hạn") | AM72: =IF(AK72>0,"Cần xử lý",IF(AG72+AI72>0,"Theo dõi","Ổn định"))
B73: 13 | D73: =IF(COUNTIFS('Phản ánh'!$F$6:$F$505,"Block A",'Phản ánh'!$G$6:$G$505,$B73,'Phản ánh'!$V$6:$V$505,"<>Đã xử lý")>0,IF((COUNTIFS('Phản ánh'!$F$6:$F$505,"Block A",'Phản ánh'!$G$6:$G$505,$B73,'Phản ánh'!$V$6:$V$505,"<>Đã xử lý",'Phản ánh'!$J$6:$J$505,"Khẩn cấp")+COUNTIFS('Phản ánh'!$F$6:$F$505,"Block A",'Phản ánh'!$G$6:$G$505,$B73,'Phản ánh'!$V$6:$V$505,"<>Đã xử lý",'Phản ánh'!$J$6:$J$505,"Cao"))>0,-COUNTIFS('Phản ánh'!$F$6:$F$505,"Block A",'Phản ánh'!$G$6:$G$505,$B73,'Phản ánh'!$V$6:$V$505,"<>Đã xử lý"),COUNTIFS('Phản ánh'!$F$6:$F$505,"Block A",'Phản ánh'!$G$6:$G$505,$B73,'Phản ánh'!$V$6:$V$505,"<>Đã xử lý")),IF(COUNTIFS('Kế hoạch'!$E$6:$E$305,"Block A",'Kế hoạch'!$F$6:$F$305,$B73,'Kế hoạch'!$AO$6:$AO$305,1)>0,"CV","")) | H73: =IF(COUNTIFS('Phản ánh'!$F$6:$F$505,"Block B",'Phản ánh'!$G$6:$G$505,$B73,'Phản ánh'!$V$6:$V$505,"<>Đã xử lý")>0,IF((COUNTIFS('Phản ánh'!$F$6:$F$505,"Block B",'Phản ánh'!$G$6:$G$505,$B73,'Phản ánh'!$V$6:$V$505,"<>Đã xử lý",'Phản ánh'!$J$6:$J$505,"Khẩn cấp")+COUNTIFS('Phản ánh'!$F$6:$F$505,"Block B",'Phản ánh'!$G$6:$G$505,$B73,'Phản ánh'!$V$6:$V$505,"<>Đã xử lý",'Phản ánh'!$J$6:$J$505,"Cao"))>0,-COUNTIFS('Phản ánh'!$F$6:$F$505,"Block B",'Phản ánh'!$G$6:$G$505,$B73,'Phản ánh'!$V$6:$V$505,"<>Đã xử lý"),COUNTIFS('Phản ánh'!$F$6:$F$505,"Block B",'Phản ánh'!$G$6:$G$505,$B73,'Phản ánh'!$V$6:$V$505,"<>Đã xử lý")),IF(COUNTIFS('Kế hoạch'!$E$6:$E$305,"Block B",'Kế hoạch'!$F$6:$F$305,$B73,'Kế hoạch'!$AO$6:$AO$305,1)>0,"CV","")) | L73: =IF(COUNTIFS('Phản ánh'!$F$6:$F$505,"Block C",'Phản ánh'!$G$6:$G$505,$B73,'Phản ánh'!$V$6:$V$505,"<>Đã xử lý")>0,IF((COUNTIFS('Phản ánh'!$F$6:$F$505,"Block C",'Phản ánh'!$G$6:$G$505,$B73,'Phản ánh'!$V$6:$V$505,"<>Đã xử lý",'Phản ánh'!$J$6:$J$505,"Khẩn cấp")+COUNTIFS('Phản ánh'!$F$6:$F$505,"Block C",'Phản ánh'!$G$6:$G$505,$B73,'Phản ánh'!$V$6:$V$505,"<>Đã xử lý",'Phản ánh'!$J$6:$J$505,"Cao"))>0,-COUNTIFS('Phản ánh'!$F$6:$F$505,"Block C",'Phản ánh'!$G$6:$G$505,$B73,'Phản ánh'!$V$6:$V$505,"<>Đã xử lý"),COUNTIFS('Phản ánh'!$F$6:$F$505,"Block C",'Phản ánh'!$G$6:$G$505,$B73,'Phản ánh'!$V$6:$V$505,"<>Đã xử lý")),IF(COUNTIFS('Kế hoạch'!$E$6:$E$305,"Block C",'Kế hoạch'!$F$6:$F$305,$B73,'Kế hoạch'!$AO$6:$AO$305,1)>0,"CV","")) | P73: =IF(COUNTIFS('Phản ánh'!$F$6:$F$505,"Block D",'Phản ánh'!$G$6:$G$505,$B73,'Phản ánh'!$V$6:$V$505,"<>Đã xử lý")>0,IF((COUNTIFS('Phản ánh'!$F$6:$F$505,"Block D",'Phản ánh'!$G$6:$G$505,$B73,'Phản ánh'!$V$6:$V$505,"<>Đã xử lý",'Phản ánh'!$J$6:$J$505,"Khẩn cấp")+COUNTIFS('Phản ánh'!$F$6:$F$505,"Block D",'Phản ánh'!$G$6:$G$505,$B73,'Phản ánh'!$V$6:$V$505,"<>Đã xử lý",'Phản ánh'!$J$6:$J$505,"Cao"))>0,-COUNTIFS('Phản ánh'!$F$6:$F$505,"Block D",'Phản ánh'!$G$6:$G$505,$B73,'Phản ánh'!$V$6:$V$505,"<>Đã xử lý"),COUNTIFS('Phản ánh'!$F$6:$F$505,"Block D",'Phản ánh'!$G$6:$G$505,$B73,'Phản ánh'!$V$6:$V$505,"<>Đã xử lý")),IF(COUNTIFS('Kế hoạch'!$E$6:$E$305,"Block D",'Kế hoạch'!$F$6:$F$305,$B73,'Kế hoạch'!$AO$6:$AO$305,1)>0,"CV","")) | T73: =IF(COUNTIFS('Phản ánh'!$F$6:$F$505,"Block E",'Phản ánh'!$G$6:$G$505,$B73,'Phản ánh'!$V$6:$V$505,"<>Đã xử lý")>0,IF((COUNTIFS('Phản ánh'!$F$6:$F$505,"Block E",'Phản ánh'!$G$6:$G$505,$B73,'Phản ánh'!$V$6:$V$505,"<>Đã xử lý",'Phản ánh'!$J$6:$J$505,"Khẩn cấp")+COUNTIFS('Phản ánh'!$F$6:$F$505,"Block E",'Phản ánh'!$G$6:$G$505,$B73,'Phản ánh'!$V$6:$V$505,"<>Đã xử lý",'Phản ánh'!$J$6:$J$505,"Cao"))>0,-COUNTIFS('Phản ánh'!$F$6:$F$505,"Block E",'Phản ánh'!$G$6:$G$505,$B73,'Phản ánh'!$V$6:$V$505,"<>Đã xử lý"),COUNTIFS('Phản ánh'!$F$6:$F$505,"Block E",'Phản ánh'!$G$6:$G$505,$B73,'Phản ánh'!$V$6:$V$505,"<>Đã xử lý")),IF(COUNTIFS('Kế hoạch'!$E$6:$E$305,"Block E",'Kế hoạch'!$F$6:$F$305,$B73,'Kế hoạch'!$AO$6:$AO$305,1)>0,"CV","")) | X73: =IF(COUNTIFS('Phản ánh'!$F$6:$F$505,"Block G",'Phản ánh'!$G$6:$G$505,$B73,'Phản ánh'!$V$6:$V$505,"<>Đã xử lý")>0,IF((COUNTIFS('Phản ánh'!$F$6:$F$505,"Block G",'Phản ánh'!$G$6:$G$505,$B73,'Phản ánh'!$V$6:$V$505,"<>Đã xử lý",'Phản ánh'!$J$6:$J$505,"Khẩn cấp")+COUNTIFS('Phản ánh'!$F$6:$F$505,"Block G",'Phản ánh'!$G$6:$G$505,$B73,'Phản ánh'!$V$6:$V$505,"<>Đã xử lý",'Phản ánh'!$J$6:$J$505,"Cao"))>0,-COUNTIFS('Phản ánh'!$F$6:$F$505,"Block G",'Phản ánh'!$G$6:$G$505,$B73,'Phản ánh'!$V$6:$V$505,"<>Đã xử lý"),COUNTIFS('Phản ánh'!$F$6:$F$505,"Block G",'Phản ánh'!$G$6:$G$505,$B73,'Phản ánh'!$V$6:$V$505,"<>Đã xử lý")),IF(COUNTIFS('Kế hoạch'!$E$6:$E$305,"Block G",'Kế hoạch'!$F$6:$F$305,$B73,'Kế hoạch'!$AO$6:$AO$305,1)>0,"CV","")) | AB73: Hồ bơi lớn | AG73: =COUNTIFS('Phản ánh'!$F$6:$F$505,$AB73,'Phản ánh'!$V$6:$V$505,"<>Đã xử lý") | AI73: =COUNTIFS('Kế hoạch'!$E$6:$E$305,$AB73,'Kế hoạch'!$AO$6:$AO$305,1,'Kế hoạch'!$AR$6:$AR$305,0) | AK73: =COUNTIFS('Phản ánh'!$F$6:$F$505,$AB73,'Phản ánh'!$Y$6:$Y$505,"Quá hạn")+COUNTIFS('Kế hoạch'!$E$6:$E$305,$AB73,'Kế hoạch'!$AD$6:$AD$305,"Quá hạn") | AM73: =IF(AK73>0,"Cần xử lý",IF(AG73+AI73>0,"Theo dõi","Ổn định"))
B74: 12 | D74: =IF(COUNTIFS('Phản ánh'!$F$6:$F$505,"Block A",'Phản ánh'!$G$6:$G$505,$B74,'Phản ánh'!$V$6:$V$505,"<>Đã xử lý")>0,IF((COUNTIFS('Phản ánh'!$F$6:$F$505,"Block A",'Phản ánh'!$G$6:$G$505,$B74,'Phản ánh'!$V$6:$V$505,"<>Đã xử lý",'Phản ánh'!$J$6:$J$505,"Khẩn cấp")+COUNTIFS('Phản ánh'!$F$6:$F$505,"Block A",'Phản ánh'!$G$6:$G$505,$B74,'Phản ánh'!$V$6:$V$505,"<>Đã xử lý",'Phản ánh'!$J$6:$J$505,"Cao"))>0,-COUNTIFS('Phản ánh'!$F$6:$F$505,"Block A",'Phản ánh'!$G$6:$G$505,$B74,'Phản ánh'!$V$6:$V$505,"<>Đã xử lý"),COUNTIFS('Phản ánh'!$F$6:$F$505,"Block A",'Phản ánh'!$G$6:$G$505,$B74,'Phản ánh'!$V$6:$V$505,"<>Đã xử lý")),IF(COUNTIFS('Kế hoạch'!$E$6:$E$305,"Block A",'Kế hoạch'!$F$6:$F$305,$B74,'Kế hoạch'!$AO$6:$AO$305,1)>0,"CV","")) | H74: =IF(COUNTIFS('Phản ánh'!$F$6:$F$505,"Block B",'Phản ánh'!$G$6:$G$505,$B74,'Phản ánh'!$V$6:$V$505,"<>Đã xử lý")>0,IF((COUNTIFS('Phản ánh'!$F$6:$F$505,"Block B",'Phản ánh'!$G$6:$G$505,$B74,'Phản ánh'!$V$6:$V$505,"<>Đã xử lý",'Phản ánh'!$J$6:$J$505,"Khẩn cấp")+COUNTIFS('Phản ánh'!$F$6:$F$505,"Block B",'Phản ánh'!$G$6:$G$505,$B74,'Phản ánh'!$V$6:$V$505,"<>Đã xử lý",'Phản ánh'!$J$6:$J$505,"Cao"))>0,-COUNTIFS('Phản ánh'!$F$6:$F$505,"Block B",'Phản ánh'!$G$6:$G$505,$B74,'Phản ánh'!$V$6:$V$505,"<>Đã xử lý"),COUNTIFS('Phản ánh'!$F$6:$F$505,"Block B",'Phản ánh'!$G$6:$G$505,$B74,'Phản ánh'!$V$6:$V$505,"<>Đã xử lý")),IF(COUNTIFS('Kế hoạch'!$E$6:$E$305,"Block B",'Kế hoạch'!$F$6:$F$305,$B74,'Kế hoạch'!$AO$6:$AO$305,1)>0,"CV","")) | L74: =IF(COUNTIFS('Phản ánh'!$F$6:$F$505,"Block C",'Phản ánh'!$G$6:$G$505,$B74,'Phản ánh'!$V$6:$V$505,"<>Đã xử lý")>0,IF((COUNTIFS('Phản ánh'!$F$6:$F$505,"Block C",'Phản ánh'!$G$6:$G$505,$B74,'Phản ánh'!$V$6:$V$505,"<>Đã xử lý",'Phản ánh'!$J$6:$J$505,"Khẩn cấp")+COUNTIFS('Phản ánh'!$F$6:$F$505,"Block C",'Phản ánh'!$G$6:$G$505,$B74,'Phản ánh'!$V$6:$V$505,"<>Đã xử lý",'Phản ánh'!$J$6:$J$505,"Cao"))>0,-COUNTIFS('Phản ánh'!$F$6:$F$505,"Block C",'Phản ánh'!$G$6:$G$505,$B74,'Phản ánh'!$V$6:$V$505,"<>Đã xử lý"),COUNTIFS('Phản ánh'!$F$6:$F$505,"Block C",'Phản ánh'!$G$6:$G$505,$B74,'Phản ánh'!$V$6:$V$505,"<>Đã xử lý")),IF(COUNTIFS('Kế hoạch'!$E$6:$E$305,"Block C",'Kế hoạch'!$F$6:$F$305,$B74,'Kế hoạch'!$AO$6:$AO$305,1)>0,"CV","")) | P74: =IF(COUNTIFS('Phản ánh'!$F$6:$F$505,"Block D",'Phản ánh'!$G$6:$G$505,$B74,'Phản ánh'!$V$6:$V$505,"<>Đã xử lý")>0,IF((COUNTIFS('Phản ánh'!$F$6:$F$505,"Block D",'Phản ánh'!$G$6:$G$505,$B74,'Phản ánh'!$V$6:$V$505,"<>Đã xử lý",'Phản ánh'!$J$6:$J$505,"Khẩn cấp")+COUNTIFS('Phản ánh'!$F$6:$F$505,"Block D",'Phản ánh'!$G$6:$G$505,$B74,'Phản ánh'!$V$6:$V$505,"<>Đã xử lý",'Phản ánh'!$J$6:$J$505,"Cao"))>0,-COUNTIFS('Phản ánh'!$F$6:$F$505,"Block D",'Phản ánh'!$G$6:$G$505,$B74,'Phản ánh'!$V$6:$V$505,"<>Đã xử lý"),COUNTIFS('Phản ánh'!$F$6:$F$505,"Block D",'Phản ánh'!$G$6:$G$505,$B74,'Phản ánh'!$V$6:$V$505,"<>Đã xử lý")),IF(COUNTIFS('Kế hoạch'!$E$6:$E$305,"Block D",'Kế hoạch'!$F$6:$F$305,$B74,'Kế hoạch'!$AO$6:$AO$305,1)>0,"CV","")) | T74: =IF(COUNTIFS('Phản ánh'!$F$6:$F$505,"Block E",'Phản ánh'!$G$6:$G$505,$B74,'Phản ánh'!$V$6:$V$505,"<>Đã xử lý")>0,IF((COUNTIFS('Phản ánh'!$F$6:$F$505,"Block E",'Phản ánh'!$G$6:$G$505,$B74,'Phản ánh'!$V$6:$V$505,"<>Đã xử lý",'Phản ánh'!$J$6:$J$505,"Khẩn cấp")+COUNTIFS('Phản ánh'!$F$6:$F$505,"Block E",'Phản ánh'!$G$6:$G$505,$B74,'Phản ánh'!$V$6:$V$505,"<>Đã xử lý",'Phản ánh'!$J$6:$J$505,"Cao"))>0,-COUNTIFS('Phản ánh'!$F$6:$F$505,"Block E",'Phản ánh'!$G$6:$G$505,$B74,'Phản ánh'!$V$6:$V$505,"<>Đã xử lý"),COUNTIFS('Phản ánh'!$F$6:$F$505,"Block E",'Phản ánh'!$G$6:$G$505,$B74,'Phản ánh'!$V$6:$V$505,"<>Đã xử lý")),IF(COUNTIFS('Kế hoạch'!$E$6:$E$305,"Block E",'Kế hoạch'!$F$6:$F$305,$B74,'Kế hoạch'!$AO$6:$AO$305,1)>0,"CV","")) | X74: =IF(COUNTIFS('Phản ánh'!$F$6:$F$505,"Block G",'Phản ánh'!$G$6:$G$505,$B74,'Phản ánh'!$V$6:$V$505,"<>Đã xử lý")>0,IF((COUNTIFS('Phản ánh'!$F$6:$F$505,"Block G",'Phản ánh'!$G$6:$G$505,$B74,'Phản ánh'!$V$6:$V$505,"<>Đã xử lý",'Phản ánh'!$J$6:$J$505,"Khẩn cấp")+COUNTIFS('Phản ánh'!$F$6:$F$505,"Block G",'Phản ánh'!$G$6:$G$505,$B74,'Phản ánh'!$V$6:$V$505,"<>Đã xử lý",'Phản ánh'!$J$6:$J$505,"Cao"))>0,-COUNTIFS('Phản ánh'!$F$6:$F$505,"Block G",'Phản ánh'!$G$6:$G$505,$B74,'Phản ánh'!$V$6:$V$505,"<>Đã xử lý"),COUNTIFS('Phản ánh'!$F$6:$F$505,"Block G",'Phản ánh'!$G$6:$G$505,$B74,'Phản ánh'!$V$6:$V$505,"<>Đã xử lý")),IF(COUNTIFS('Kế hoạch'!$E$6:$E$305,"Block G",'Kế hoạch'!$F$6:$F$305,$B74,'Kế hoạch'!$AO$6:$AO$305,1)>0,"CV","")) | AB74: Hồ bơi nhỏ | AG74: =COUNTIFS('Phản ánh'!$F$6:$F$505,$AB74,'Phản ánh'!$V$6:$V$505,"<>Đã xử lý") | AI74: =COUNTIFS('Kế hoạch'!$E$6:$E$305,$AB74,'Kế hoạch'!$AO$6:$AO$305,1,'Kế hoạch'!$AR$6:$AR$305,0) | AK74: =COUNTIFS('Phản ánh'!$F$6:$F$505,$AB74,'Phản ánh'!$Y$6:$Y$505,"Quá hạn")+COUNTIFS('Kế hoạch'!$E$6:$E$305,$AB74,'Kế hoạch'!$AD$6:$AD$305,"Quá hạn") | AM74: =IF(AK74>0,"Cần xử lý",IF(AG74+AI74>0,"Theo dõi","Ổn định"))
... B85: 1 | D85: =IF(COUNTIFS('Phản ánh'!$F$6:$F$505,"Block A",'Phản ánh'!$G$6:$G$505,$B85,'Phản ánh'!$V$6:$V$505,"<>Đã xử lý")>0,IF((COUNTIFS('Phản ánh'!$F$6:$F$505,"Block A",'Phản ánh'!$G$6:$G$505,$B85,'Phản ánh'!$V$6:$V$505,"<>Đã xử lý",'Phản ánh'!$J$6:$J$505,"Khẩn cấp")+COUNTIFS('Phản ánh'!$F$6:$F$505,"Block A",'Phản ánh'!$G$6:$G$505,$B85,'Phản ánh'!$V$6:$V$505,"<>Đã xử lý",'Phản ánh'!$J$6:$J$505,"Cao"))>0,-COUNTIFS('Phản ánh'!$F$6:$F$505,"Block A",'Phản ánh'!$G$6:$G$505,$B85,'Phản ánh'!$V$6:$V$505,"<>Đã xử lý"),COUNTIFS('Phản ánh'!$F$6:$F$505,"Block A",'Phản ánh'!$G$6:$G$505,$B85,'Phản ánh'!$V$6:$V$505,"<>Đã xử lý")),IF(COUNTIFS('Kế hoạch'!$E$6:$E$305,"Block A",'Kế hoạch'!$F$6:$F$305,$B85,'Kế hoạch'!$AO$6:$AO$305,1)>0,"CV","")) | H85: =IF(COUNTIFS('Phản ánh'!$F$6:$F$505,"Block B",'Phản ánh'!$G$6:$G$505,$B85,'Phản ánh'!$V$6:$V$505,"<>Đã xử lý")>0,IF((COUNTIFS('Phản ánh'!$F$6:$F$505,"Block B",'Phản ánh'!$G$6:$G$505,$B85,'Phản ánh'!$V$6:$V$505,"<>Đã xử lý",'Phản ánh'!$J$6:$J$505,"Khẩn cấp")+COUNTIFS('Phản ánh'!$F$6:$F$505,"Block B",'Phản ánh'!$G$6:$G$505,$B85,'Phản ánh'!$V$6:$V$505,"<>Đã xử lý",'Phản ánh'!$J$6:$J$505,"Cao"))>0,-COUNTIFS('Phản ánh'!$F$6:$F$505,"Block B",'Phản ánh'!$G$6:$G$505,$B85,'Phản ánh'!$V$6:$V$505,"<>Đã xử lý"),COUNTIFS('Phản ánh'!$F$6:$F$505,"Block B",'Phản ánh'!$G$6:$G$505,$B85,'Phản ánh'!$V$6:$V$505,"<>Đã xử lý")),IF(COUNTIFS('Kế hoạch'!$E$6:$E$305,"Block B",'Kế hoạch'!$F$6:$F$305,$B85,'Kế hoạch'!$AO$6:$AO$305,1)>0,"CV","")) | L85: =IF(COUNTIFS('Phản ánh'!$F$6:$F$505,"Block C",'Phản ánh'!$G$6:$G$505,$B85,'Phản ánh'!$V$6:$V$505,"<>Đã xử lý")>0,IF((COUNTIFS('Phản ánh'!$F$6:$F$505,"Block C",'Phản ánh'!$G$6:$G$505,$B85,'Phản ánh'!$V$6:$V$505,"<>Đã xử lý",'Phản ánh'!$J$6:$J$505,"Khẩn cấp")+COUNTIFS('Phản ánh'!$F$6:$F$505,"Block C",'Phản ánh'!$G$6:$G$505,$B85,'Phản ánh'!$V$6:$V$505,"<>Đã xử lý",'Phản ánh'!$J$6:$J$505,"Cao"))>0,-COUNTIFS('Phản ánh'!$F$6:$F$505,"Block C",'Phản ánh'!$G$6:$G$505,$B85,'Phản ánh'!$V$6:$V$505,"<>Đã xử lý"),COUNTIFS('Phản ánh'!$F$6:$F$505,"Block C",'Phản ánh'!$G$6:$G$505,$B85,'Phản ánh'!$V$6:$V$505,"<>Đã xử lý")),IF(COUNTIFS('Kế hoạch'!$E$6:$E$305,"Block C",'Kế hoạch'!$F$6:$F$305,$B85,'Kế hoạch'!$AO$6:$AO$305,1)>0,"CV","")) | P85: =IF(COUNTIFS('Phản ánh'!$F$6:$F$505,"Block D",'Phản ánh'!$G$6:$G$505,$B85,'Phản ánh'!$V$6:$V$505,"<>Đã xử lý")>0,IF((COUNTIFS('Phản ánh'!$F$6:$F$505,"Block D",'Phản ánh'!$G$6:$G$505,$B85,'Phản ánh'!$V$6:$V$505,"<>Đã xử lý",'Phản ánh'!$J$6:$J$505,"Khẩn cấp")+COUNTIFS('Phản ánh'!$F$6:$F$505,"Block D",'Phản ánh'!$G$6:$G$505,$B85,'Phản ánh'!$V$6:$V$505,"<>Đã xử lý",'Phản ánh'!$J$6:$J$505,"Cao"))>0,-COUNTIFS('Phản ánh'!$F$6:$F$505,"Block D",'Phản ánh'!$G$6:$G$505,$B85,'Phản ánh'!$V$6:$V$505,"<>Đã xử lý"),COUNTIFS('Phản ánh'!$F$6:$F$505,"Block D",'Phản ánh'!$G$6:$G$505,$B85,'Phản ánh'!$V$6:$V$505,"<>Đã xử lý")),IF(COUNTIFS('Kế hoạch'!$E$6:$E$305,"Block D",'Kế hoạch'!$F$6:$F$305,$B85,'Kế hoạch'!$AO$6:$AO$305,1)>0,"CV","")) | T85: =IF(COUNTIFS('Phản ánh'!$F$6:$F$505,"Block E",'Phản ánh'!$G$6:$G$505,$B85,'Phản ánh'!$V$6:$V$505,"<>Đã xử lý")>0,IF((COUNTIFS('Phản ánh'!$F$6:$F$505,"Block E",'Phản ánh'!$G$6:$G$505,$B85,'Phản ánh'!$V$6:$V$505,"<>Đã xử lý",'Phản ánh'!$J$6:$J$505,"Khẩn cấp")+COUNTIFS('Phản ánh'!$F$6:$F$505,"Block E",'Phản ánh'!$G$6:$G$505,$B85,'Phản ánh'!$V$6:$V$505,"<>Đã xử lý",'Phản ánh'!$J$6:$J$505,"Cao"))>0,-COUNTIFS('Phản ánh'!$F$6:$F$505,"Block E",'Phản ánh'!$G$6:$G$505,$B85,'Phản ánh'!$V$6:$V$505,"<>Đã xử lý"),COUNTIFS('Phản ánh'!$F$6:$F$505,"Block E",'Phản ánh'!$G$6:$G$505,$B85,'Phản ánh'!$V$6:$V$505,"<>Đã xử lý")),IF(COUNTIFS('Kế hoạch'!$E$6:$E$305,"Block E",'Kế hoạch'!$F$6:$F$305,$B85,'Kế hoạch'!$AO$6:$AO$305,1)>0,"CV","")) | X85: =IF(COUNTIFS('Phản ánh'!$F$6:$F$505,"Block G",'Phản ánh'!$G$6:$G$505,$B85,'Phản ánh'!$V$6:$V$505,"<>Đã xử lý")>0,IF((COUNTIFS('Phản ánh'!$F$6:$F$505,"Block G",'Phản ánh'!$G$6:$G$505,$B85,'Phản ánh'!$V$6:$V$505,"<>Đã xử lý",'Phản ánh'!$J$6:$J$505,"Khẩn cấp")+COUNTIFS('Phản ánh'!$F$6:$F$505,"Block G",'Phản ánh'!$G$6:$G$505,$B85,'Phản ánh'!$V$6:$V$505,"<>Đã xử lý",'Phản ánh'!$J$6:$J$505,"Cao"))>0,-COUNTIFS('Phản ánh'!$F$6:$F$505,"Block G",'Phản ánh'!$G$6:$G$505,$B85,'Phản ánh'!$V$6:$V$505,"<>Đã xử lý"),COUNTIFS('Phản ánh'!$F$6:$F$505,"Block G",'Phản ánh'!$G$6:$G$505,$B85,'Phản ánh'!$V$6:$V$505,"<>Đã xử lý")),IF(COUNTIFS('Kế hoạch'!$E$6:$E$305,"Block G",'Kế hoạch'!$F$6:$F$305,$B85,'Kế hoạch'!$AO$6:$AO$305,1)>0,"CV","")) | AB85: Khuôn viên | AG85: =COUNTIFS('Phản ánh'!$F$6:$F$505,$AB85,'Phản ánh'!$V$6:$V$505,"<>Đã xử lý") | AI85: =COUNTIFS('Kế hoạch'!$E$6:$E$305,$AB85,'Kế hoạch'!$AO$6:$AO$305,1,'Kế hoạch'!$AR$6:$AR$305,0) | AK85: =COUNTIFS('Phản ánh'!$F$6:$F$505,$AB85,'Phản ánh'!$Y$6:$Y$505,"Quá hạn")+COUNTIFS('Kế hoạch'!$E$6:$E$305,$AB85,'Kế hoạch'!$AD$6:$AD$305,"Quá hạn") | AM85: =IF(AK85>0,"Cần xử lý",IF(AG85+AI85>0,"Theo dõi","Ổn định"))
B86: Sảnh | D86: =IF(COUNTIFS('Phản ánh'!$F$6:$F$505,"Block A",'Phản ánh'!$G$6:$G$505,$B86,'Phản ánh'!$V$6:$V$505,"<>Đã xử lý")>0,IF((COUNTIFS('Phản ánh'!$F$6:$F$505,"Block A",'Phản ánh'!$G$6:$G$505,$B86,'Phản ánh'!$V$6:$V$505,"<>Đã xử lý",'Phản ánh'!$J$6:$J$505,"Khẩn cấp")+COUNTIFS('Phản ánh'!$F$6:$F$505,"Block A",'Phản ánh'!$G$6:$G$505,$B86,'Phản ánh'!$V$6:$V$505,"<>Đã xử lý",'Phản ánh'!$J$6:$J$505,"Cao"))>0,-COUNTIFS('Phản ánh'!$F$6:$F$505,"Block A",'Phản ánh'!$G$6:$G$505,$B86,'Phản ánh'!$V$6:$V$505,"<>Đã xử lý"),COUNTIFS('Phản ánh'!$F$6:$F$505,"Block A",'Phản ánh'!$G$6:$G$505,$B86,'Phản ánh'!$V$6:$V$505,"<>Đã xử lý")),IF(COUNTIFS('Kế hoạch'!$E$6:$E$305,"Block A",'Kế hoạch'!$F$6:$F$305,$B86,'Kế hoạch'!$AO$6:$AO$305,1)>0,"CV","")) | H86: =IF(COUNTIFS('Phản ánh'!$F$6:$F$505,"Block B",'Phản ánh'!$G$6:$G$505,$B86,'Phản ánh'!$V$6:$V$505,"<>Đã xử lý")>0,IF((COUNTIFS('Phản ánh'!$F$6:$F$505,"Block B",'Phản ánh'!$G$6:$G$505,$B86,'Phản ánh'!$V$6:$V$505,"<>Đã xử lý",'Phản ánh'!$J$6:$J$505,"Khẩn cấp")+COUNTIFS('Phản ánh'!$F$6:$F$505,"Block B",'Phản ánh'!$G$6:$G$505,$B86,'Phản ánh'!$V$6:$V$505,"<>Đã xử lý",'Phản ánh'!$J$6:$J$505,"Cao"))>0,-COUNTIFS('Phản ánh'!$F$6:$F$505,"Block B",'Phản ánh'!$G$6:$G$505,$B86,'Phản ánh'!$V$6:$V$505,"<>Đã xử lý"),COUNTIFS('Phản ánh'!$F$6:$F$505,"Block B",'Phản ánh'!$G$6:$G$505,$B86,'Phản ánh'!$V$6:$V$505,"<>Đã xử lý")),IF(COUNTIFS('Kế hoạch'!$E$6:$E$305,"Block B",'Kế hoạch'!$F$6:$F$305,$B86,'Kế hoạch'!$AO$6:$AO$305,1)>0,"CV","")) | L86: =IF(COUNTIFS('Phản ánh'!$F$6:$F$505,"Block C",'Phản ánh'!$G$6:$G$505,$B86,'Phản ánh'!$V$6:$V$505,"<>Đã xử lý")>0,IF((COUNTIFS('Phản ánh'!$F$6:$F$505,"Block C",'Phản ánh'!$G$6:$G$505,$B86,'Phản ánh'!$V$6:$V$505,"<>Đã xử lý",'Phản ánh'!$J$6:$J$505,"Khẩn cấp")+COUNTIFS('Phản ánh'!$F$6:$F$505,"Block C",'Phản ánh'!$G$6:$G$505,$B86,'Phản ánh'!$V$6:$V$505,"<>Đã xử lý",'Phản ánh'!$J$6:$J$505,"Cao"))>0,-COUNTIFS('Phản ánh'!$F$6:$F$505,"Block C",'Phản ánh'!$G$6:$G$505,$B86,'Phản ánh'!$V$6:$V$505,"<>Đã xử lý"),COUNTIFS('Phản ánh'!$F$6:$F$505,"Block C",'Phản ánh'!$G$6:$G$505,$B86,'Phản ánh'!$V$6:$V$505,"<>Đã xử lý")),IF(COUNTIFS('Kế hoạch'!$E$6:$E$305,"Block C",'Kế hoạch'!$F$6:$F$305,$B86,'Kế hoạch'!$AO$6:$AO$305,1)>0,"CV","")) | P86: =IF(COUNTIFS('Phản ánh'!$F$6:$F$505,"Block D",'Phản ánh'!$G$6:$G$505,$B86,'Phản ánh'!$V$6:$V$505,"<>Đã xử lý")>0,IF((COUNTIFS('Phản ánh'!$F$6:$F$505,"Block D",'Phản ánh'!$G$6:$G$505,$B86,'Phản ánh'!$V$6:$V$505,"<>Đã xử lý",'Phản ánh'!$J$6:$J$505,"Khẩn cấp")+COUNTIFS('Phản ánh'!$F$6:$F$505,"Block D",'Phản ánh'!$G$6:$G$505,$B86,'Phản ánh'!$V$6:$V$505,"<>Đã xử lý",'Phản ánh'!$J$6:$J$505,"Cao"))>0,-COUNTIFS('Phản ánh'!$F$6:$F$505,"Block D",'Phản ánh'!$G$6:$G$505,$B86,'Phản ánh'!$V$6:$V$505,"<>Đã xử lý"),COUNTIFS('Phản ánh'!$F$6:$F$505,"Block D",'Phản ánh'!$G$6:$G$505,$B86,'Phản ánh'!$V$6:$V$505,"<>Đã xử lý")),IF(COUNTIFS('Kế hoạch'!$E$6:$E$305,"Block D",'Kế hoạch'!$F$6:$F$305,$B86,'Kế hoạch'!$AO$6:$AO$305,1)>0,"CV","")) | T86: =IF(COUNTIFS('Phản ánh'!$F$6:$F$505,"Block E",'Phản ánh'!$G$6:$G$505,$B86,'Phản ánh'!$V$6:$V$505,"<>Đã xử lý")>0,IF((COUNTIFS('Phản ánh'!$F$6:$F$505,"Block E",'Phản ánh'!$G$6:$G$505,$B86,'Phản ánh'!$V$6:$V$505,"<>Đã xử lý",'Phản ánh'!$J$6:$J$505,"Khẩn cấp")+COUNTIFS('Phản ánh'!$F$6:$F$505,"Block E",'Phản ánh'!$G$6:$G$505,$B86,'Phản ánh'!$V$6:$V$505,"<>Đã xử lý",'Phản ánh'!$J$6:$J$505,"Cao"))>0,-COUNTIFS('Phản ánh'!$F$6:$F$505,"Block E",'Phản ánh'!$G$6:$G$505,$B86,'Phản ánh'!$V$6:$V$505,"<>Đã xử lý"),COUNTIFS('Phản ánh'!$F$6:$F$505,"Block E",'Phản ánh'!$G$6:$G$505,$B86,'Phản ánh'!$V$6:$V$505,"<>Đã xử lý")),IF(COUNTIFS('Kế hoạch'!$E$6:$E$305,"Block E",'Kế hoạch'!$F$6:$F$305,$B86,'Kế hoạch'!$AO$6:$AO$305,1)>0,"CV","")) | X86: =IF(COUNTIFS('Phản ánh'!$F$6:$F$505,"Block G",'Phản ánh'!$G$6:$G$505,$B86,'Phản ánh'!$V$6:$V$505,"<>Đã xử lý")>0,IF((COUNTIFS('Phản ánh'!$F$6:$F$505,"Block G",'Phản ánh'!$G$6:$G$505,$B86,'Phản ánh'!$V$6:$V$505,"<>Đã xử lý",'Phản ánh'!$J$6:$J$505,"Khẩn cấp")+COUNTIFS('Phản ánh'!$F$6:$F$505,"Block G",'Phản ánh'!$G$6:$G$505,$B86,'Phản ánh'!$V$6:$V$505,"<>Đã xử lý",'Phản ánh'!$J$6:$J$505,"Cao"))>0,-COUNTIFS('Phản ánh'!$F$6:$F$505,"Block G",'Phản ánh'!$G$6:$G$505,$B86,'Phản ánh'!$V$6:$V$505,"<>Đã xử lý"),COUNTIFS('Phản ánh'!$F$6:$F$505,"Block G",'Phản ánh'!$G$6:$G$505,$B86,'Phản ánh'!$V$6:$V$505,"<>Đã xử lý")),IF(COUNTIFS('Kế hoạch'!$E$6:$E$305,"Block G",'Kế hoạch'!$F$6:$F$305,$B86,'Kế hoạch'!$AO$6:$AO$305,1)>0,"CV","")) | AB86: Toàn khu | AG86: =COUNTIFS('Phản ánh'!$F$6:$F$505,$AB86,'Phản ánh'!$V$6:$V$505,"<>Đã xử lý") | AI86: =COUNTIFS('Kế hoạch'!$E$6:$E$305,$AB86,'Kế hoạch'!$AO$6:$AO$305,1,'Kế hoạch'!$AR$6:$AR$305,0) | AK86: =COUNTIFS('Phản ánh'!$F$6:$F$505,$AB86,'Phản ánh'!$Y$6:$Y$505,"Quá hạn")+COUNTIFS('Kế hoạch'!$E$6:$E$305,$AB86,'Kế hoạch'!$AD$6:$AD$305,"Quá hạn") | AM86: =IF(AK86>0,"Cần xử lý",IF(AG86+AI86>0,"Theo dõi","Ổn định"))
D88: A | H88: B | L88: C | P88: D | T88: E | X88: G
D89: =COUNTIFS('Phản ánh'!$F$6:$F$505,"Block A",'Phản ánh'!$V$6:$V$505,"<>Đã xử lý")&" phản ánh" | H89: =COUNTIFS('Phản ánh'!$F$6:$F$505,"Block B",'Phản ánh'!$V$6:$V$505,"<>Đã xử lý")&" phản ánh" | L89: =COUNTIFS('Phản ánh'!$F$6:$F$505,"Block C",'Phản ánh'!$V$6:$V$505,"<>Đã xử lý")&" phản ánh" | P89: =COUNTIFS('Phản ánh'!$F$6:$F$505,"Block D",'Phản ánh'!$V$6:$V$505,"<>Đã xử lý")&" phản ánh" | T89: =COUNTIFS('Phản ánh'!$F$6:$F$505,"Block E",'Phản ánh'!$V$6:$V$505,"<>Đã xử lý")&" phản ánh" | X89: =COUNTIFS('Phản ánh'!$F$6:$F$505,"Block G",'Phản ánh'!$V$6:$V$505,"<>Đã xử lý")&" phản ánh"
D90: =COUNTIFS('Kế hoạch'!$E$6:$E$305,"Block A",'Kế hoạch'!$AO$6:$AO$305,1,'Kế hoạch'!$AR$6:$AR$305,0)&" công việc" | H90: =COUNTIFS('Kế hoạch'!$E$6:$E$305,"Block B",'Kế hoạch'!$AO$6:$AO$305,1,'Kế hoạch'!$AR$6:$AR$305,0)&" công việc" | L90: =COUNTIFS('Kế hoạch'!$E$6:$E$305,"Block C",'Kế hoạch'!$AO$6:$AO$305,1,'Kế hoạch'!$AR$6:$AR$305,0)&" công việc" | P90: =COUNTIFS('Kế hoạch'!$E$6:$E$305,"Block D",'Kế hoạch'!$AO$6:$AO$305,1,'Kế hoạch'!$AR$6:$AR$305,0)&" công việc" | T90: =COUNTIFS('Kế hoạch'!$E$6:$E$305,"Block E",'Kế hoạch'!$AO$6:$AO$305,1,'Kế hoạch'!$AR$6:$AR$305,0)&" công việc" | X90: =COUNTIFS('Kế hoạch'!$E$6:$E$305,"Block G",'Kế hoạch'!$AO$6:$AO$305,1,'Kế hoạch'!$AR$6:$AR$305,0)&" công việc"
E92: Khẩn cấp, cao | L92: Trung bình, thấp | S92: Công việc (CV)
B94: PHẢN ÁNH CẦN CHÚ Ý | V94: CÔNG VIỆC CẦN CHÚ Ý
B95: # | C95: Mã | E95: Vấn đề | J95: Vị trí | M95: Deadline | P95: Tiến độ | R95: Báo động, tiến độ | V95: # | W95: Mã | Y95: Công việc | AF95: Vị trí | AI95: Hạn, kỳ | AK95: Tiến độ | AM95: Báo động, tiến độ
B96: =IF($AR96="","",1) | C96: =IF($AR96="","",INDEX('Phản ánh'!$A$6:$A$505,$AR96)) | E96: =IF($AR96="",IF(1=1,"Không có phản ánh nào cần chú ý.",""),INDEX('Phản ánh'!$C$6:$C$505,$AR96)) | J96: =IF($AR96="","",INDEX('Phản ánh'!$F$6:$F$505,$AR96)&IF(INDEX('Phản ánh'!$G$6:$G$505,$AR96)="","",", "&IF(ISNUMBER(INDEX('Phản ánh'!$G$6:$G$505,$AR96)),"tầng "&INDEX('Phản ánh'!$G$6:$G$505,$AR96),LOWER(INDEX('Phản ánh'!$G$6:$G$505,$AR96))))) | M96: =IF($AR96="","",INDEX('Phản ánh'!$U$6:$U$505,$AR96)) | P96: =IF($AR96="","",INDEX('Phản ánh'!$W$6:$W$505,$AR96)) | R96: =IF($AR96="","",IF(N(INDEX('Phản ánh'!$AO$6:$AO$505,$AR96))>0,INDEX('Phản ánh'!$AD$6:$AD$505,$AR96),INDEX('Phản ánh'!$Y$6:$Y$505,$AR96))) | V96: =IF($AT96="","",1) | W96: =IF($AT96="","",INDEX('Kế hoạch'!$A$6:$A$305,$AT96)) | Y96: =IF($AT96="",IF(1=1,"Không có công việc nào cần chú ý.",""),INDEX('Kế hoạch'!$C$6:$C$305,$AT96)) | AF96: =IF($AT96="","",INDEX('Kế hoạch'!$E$6:$E$305,$AT96)&IF(INDEX('Kế hoạch'!$F$6:$F$305,$AT96)="","",", "&IF(ISNUMBER(INDEX('Kế hoạch'!$F$6:$F$305,$AT96)),"tầng "&INDEX('Kế hoạch'!$F$6:$F$305,$AT96),LOWER(INDEX('Kế hoạch'!$F$6:$F$305,$AT96))))) | AI96: =IF($AT96="","",INDEX('Kế hoạch'!$Y$6:$Y$305,$AT96)) | AK96: =IF($AT96="","",INDEX('Kế hoạch'!$AB$6:$AB$305,$AT96)) | AM96: =IF($AT96="","",IF(N(INDEX('Kế hoạch'!$BB$6:$BB$305,$AT96))>0,INDEX('Kế hoạch'!$AG$6:$AG$305,$AT96),INDEX('Kế hoạch'!$AD$6:$AD$305,$AT96))) | AQ96: =IFERROR(SMALL('Phản ánh'!$AL$6:$AL$505,1),"") | AR96: =IF(AQ96="","",MATCH(AQ96,'Phản ánh'!$AL$6:$AL$505,0)) | AS96: =IFERROR(SMALL('Kế hoạch'!$AT$6:$AT$305,1),"") | AT96: =IF(AS96="","",MATCH(AS96,'Kế hoạch'!$AT$6:$AT$305,0))
B97: =IF($AR97="","",2) | C97: =IF($AR97="","",INDEX('Phản ánh'!$A$6:$A$505,$AR97)) | E97: =IF($AR97="",IF(2=1,"Không có phản ánh nào cần chú ý.",""),INDEX('Phản ánh'!$C$6:$C$505,$AR97)) | J97: =IF($AR97="","",INDEX('Phản ánh'!$F$6:$F$505,$AR97)&IF(INDEX('Phản ánh'!$G$6:$G$505,$AR97)="","",", "&IF(ISNUMBER(INDEX('Phản ánh'!$G$6:$G$505,$AR97)),"tầng "&INDEX('Phản ánh'!$G$6:$G$505,$AR97),LOWER(INDEX('Phản ánh'!$G$6:$G$505,$AR97))))) | M97: =IF($AR97="","",INDEX('Phản ánh'!$U$6:$U$505,$AR97)) | P97: =IF($AR97="","",INDEX('Phản ánh'!$W$6:$W$505,$AR97)) | R97: =IF($AR97="","",IF(N(INDEX('Phản ánh'!$AO$6:$AO$505,$AR97))>0,INDEX('Phản ánh'!$AD$6:$AD$505,$AR97),INDEX('Phản ánh'!$Y$6:$Y$505,$AR97))) | V97: =IF($AT97="","",2) | W97: =IF($AT97="","",INDEX('Kế hoạch'!$A$6:$A$305,$AT97)) | Y97: =IF($AT97="",IF(2=1,"Không có công việc nào cần chú ý.",""),INDEX('Kế hoạch'!$C$6:$C$305,$AT97)) | AF97: =IF($AT97="","",INDEX('Kế hoạch'!$E$6:$E$305,$AT97)&IF(INDEX('Kế hoạch'!$F$6:$F$305,$AT97)="","",", "&IF(ISNUMBER(INDEX('Kế hoạch'!$F$6:$F$305,$AT97)),"tầng "&INDEX('Kế hoạch'!$F$6:$F$305,$AT97),LOWER(INDEX('Kế hoạch'!$F$6:$F$305,$AT97))))) | AI97: =IF($AT97="","",INDEX('Kế hoạch'!$Y$6:$Y$305,$AT97)) | AK97: =IF($AT97="","",INDEX('Kế hoạch'!$AB$6:$AB$305,$AT97)) | AM97: =IF($AT97="","",IF(N(INDEX('Kế hoạch'!$BB$6:$BB$305,$AT97))>0,INDEX('Kế hoạch'!$AG$6:$AG$305,$AT97),INDEX('Kế hoạch'!$AD$6:$AD$305,$AT97))) | AQ97: =IFERROR(SMALL('Phản ánh'!$AL$6:$AL$505,2),"") | AR97: =IF(AQ97="","",MATCH(AQ97,'Phản ánh'!$AL$6:$AL$505,0)) | AS97: =IFERROR(SMALL('Kế hoạch'!$AT$6:$AT$305,2),"") | AT97: =IF(AS97="","",MATCH(AS97,'Kế hoạch'!$AT$6:$AT$305,0))
B98: =IF($AR98="","",3) | C98: =IF($AR98="","",INDEX('Phản ánh'!$A$6:$A$505,$AR98)) | E98: =IF($AR98="",IF(3=1,"Không có phản ánh nào cần chú ý.",""),INDEX('Phản ánh'!$C$6:$C$505,$AR98)) | J98: =IF($AR98="","",INDEX('Phản ánh'!$F$6:$F$505,$AR98)&IF(INDEX('Phản ánh'!$G$6:$G$505,$AR98)="","",", "&IF(ISNUMBER(INDEX('Phản ánh'!$G$6:$G$505,$AR98)),"tầng "&INDEX('Phản ánh'!$G$6:$G$505,$AR98),LOWER(INDEX('Phản ánh'!$G$6:$G$505,$AR98))))) | M98: =IF($AR98="","",INDEX('Phản ánh'!$U$6:$U$505,$AR98)) | P98: =IF($AR98="","",INDEX('Phản ánh'!$W$6:$W$505,$AR98)) | R98: =IF($AR98="","",IF(N(INDEX('Phản ánh'!$AO$6:$AO$505,$AR98))>0,INDEX('Phản ánh'!$AD$6:$AD$505,$AR98),INDEX('Phản ánh'!$Y$6:$Y$505,$AR98))) | V98: =IF($AT98="","",3) | W98: =IF($AT98="","",INDEX('Kế hoạch'!$A$6:$A$305,$AT98)) | Y98: =IF($AT98="",IF(3=1,"Không có công việc nào cần chú ý.",""),INDEX('Kế hoạch'!$C$6:$C$305,$AT98)) | AF98: =IF($AT98="","",INDEX('Kế hoạch'!$E$6:$E$305,$AT98)&IF(INDEX('Kế hoạch'!$F$6:$F$305,$AT98)="","",", "&IF(ISNUMBER(INDEX('Kế hoạch'!$F$6:$F$305,$AT98)),"tầng "&INDEX('Kế hoạch'!$F$6:$F$305,$AT98),LOWER(INDEX('Kế hoạch'!$F$6:$F$305,$AT98))))) | AI98: =IF($AT98="","",INDEX('Kế hoạch'!$Y$6:$Y$305,$AT98)) | AK98: =IF($AT98="","",INDEX('Kế hoạch'!$AB$6:$AB$305,$AT98)) | AM98: =IF($AT98="","",IF(N(INDEX('Kế hoạch'!$BB$6:$BB$305,$AT98))>0,INDEX('Kế hoạch'!$AG$6:$AG$305,$AT98),INDEX('Kế hoạch'!$AD$6:$AD$305,$AT98))) | AQ98: =IFERROR(SMALL('Phản ánh'!$AL$6:$AL$505,3),"") | AR98: =IF(AQ98="","",MATCH(AQ98,'Phản ánh'!$AL$6:$AL$505,0)) | AS98: =IFERROR(SMALL('Kế hoạch'!$AT$6:$AT$305,3),"") | AT98: =IF(AS98="","",MATCH(AS98,'Kế hoạch'!$AT$6:$AT$305,0))
B99: =IF($AR99="","",4) | C99: =IF($AR99="","",INDEX('Phản ánh'!$A$6:$A$505,$AR99)) | E99: =IF($AR99="",IF(4=1,"Không có phản ánh nào cần chú ý.",""),INDEX('Phản ánh'!$C$6:$C$505,$AR99)) | J99: =IF($AR99="","",INDEX('Phản ánh'!$F$6:$F$505,$AR99)&IF(INDEX('Phản ánh'!$G$6:$G$505,$AR99)="","",", "&IF(ISNUMBER(INDEX('Phản ánh'!$G$6:$G$505,$AR99)),"tầng "&INDEX('Phản ánh'!$G$6:$G$505,$AR99),LOWER(INDEX('Phản ánh'!$G$6:$G$505,$AR99))))) | M99: =IF($AR99="","",INDEX('Phản ánh'!$U$6:$U$505,$AR99)) | P99: =IF($AR99="","",INDEX('Phản ánh'!$W$6:$W$505,$AR99)) | R99: =IF($AR99="","",IF(N(INDEX('Phản ánh'!$AO$6:$AO$505,$AR99))>0,INDEX('Phản ánh'!$AD$6:$AD$505,$AR99),INDEX('Phản ánh'!$Y$6:$Y$505,$AR99))) | V99: =IF($AT99="","",4) | W99: =IF($AT99="","",INDEX('Kế hoạch'!$A$6:$A$305,$AT99)) | Y99: =IF($AT99="",IF(4=1,"Không có công việc nào cần chú ý.",""),INDEX('Kế hoạch'!$C$6:$C$305,$AT99)) | AF99: =IF($AT99="","",INDEX('Kế hoạch'!$E$6:$E$305,$AT99)&IF(INDEX('Kế hoạch'!$F$6:$F$305,$AT99)="","",", "&IF(ISNUMBER(INDEX('Kế hoạch'!$F$6:$F$305,$AT99)),"tầng "&INDEX('Kế hoạch'!$F$6:$F$305,$AT99),LOWER(INDEX('Kế hoạch'!$F$6:$F$305,$AT99))))) | AI99: =IF($AT99="","",INDEX('Kế hoạch'!$Y$6:$Y$305,$AT99)) | AK99: =IF($AT99="","",INDEX('Kế hoạch'!$AB$6:$AB$305,$AT99)) | AM99: =IF($AT99="","",IF(N(INDEX('Kế hoạch'!$BB$6:$BB$305,$AT99))>0,INDEX('Kế hoạch'!$AG$6:$AG$305,$AT99),INDEX('Kế hoạch'!$AD$6:$AD$305,$AT99))) | AQ99: =IFERROR(SMALL('Phản ánh'!$AL$6:$AL$505,4),"") | AR99: =IF(AQ99="","",MATCH(AQ99,'Phản ánh'!$AL$6:$AL$505,0)) | AS99: =IFERROR(SMALL('Kế hoạch'!$AT$6:$AT$305,4),"") | AT99: =IF(AS99="","",MATCH(AS99,'Kế hoạch'!$AT$6:$AT$305,0))
B100: =IF($AR100="","",5) | C100: =IF($AR100="","",INDEX('Phản ánh'!$A$6:$A$505,$AR100)) | E100: =IF($AR100="",IF(5=1,"Không có phản ánh nào cần chú ý.",""),INDEX('Phản ánh'!$C$6:$C$505,$AR100)) | J100: =IF($AR100="","",INDEX('Phản ánh'!$F$6:$F$505,$AR100)&IF(INDEX('Phản ánh'!$G$6:$G$505,$AR100)="","",", "&IF(ISNUMBER(INDEX('Phản ánh'!$G$6:$G$505,$AR100)),"tầng "&INDEX('Phản ánh'!$G$6:$G$505,$AR100),LOWER(INDEX('Phản ánh'!$G$6:$G$505,$AR100))))) | M100: =IF($AR100="","",INDEX('Phản ánh'!$U$6:$U$505,$AR100)) | P100: =IF($AR100="","",INDEX('Phản ánh'!$W$6:$W$505,$AR100)) | R100: =IF($AR100="","",IF(N(INDEX('Phản ánh'!$AO$6:$AO$505,$AR100))>0,INDEX('Phản ánh'!$AD$6:$AD$505,$AR100),INDEX('Phản ánh'!$Y$6:$Y$505,$AR100))) | V100: =IF($AT100="","",5) | W100: =IF($AT100="","",INDEX('Kế hoạch'!$A$6:$A$305,$AT100)) | Y100: =IF($AT100="",IF(5=1,"Không có công việc nào cần chú ý.",""),INDEX('Kế hoạch'!$C$6:$C$305,$AT100)) | AF100: =IF($AT100="","",INDEX('Kế hoạch'!$E$6:$E$305,$AT100)&IF(INDEX('Kế hoạch'!$F$6:$F$305,$AT100)="","",", "&IF(ISNUMBER(INDEX('Kế hoạch'!$F$6:$F$305,$AT100)),"tầng "&INDEX('Kế hoạch'!$F$6:$F$305,$AT100),LOWER(INDEX('Kế hoạch'!$F$6:$F$305,$AT100))))) | AI100: =IF($AT100="","",INDEX('Kế hoạch'!$Y$6:$Y$305,$AT100)) | AK100: =IF($AT100="","",INDEX('Kế hoạch'!$AB$6:$AB$305,$AT100)) | AM100: =IF($AT100="","",IF(N(INDEX('Kế hoạch'!$BB$6:$BB$305,$AT100))>0,INDEX('Kế hoạch'!$AG$6:$AG$305,$AT100),INDEX('Kế hoạch'!$AD$6:$AD$305,$AT100))) | AQ100: =IFERROR(SMALL('Phản ánh'!$AL$6:$AL$505,5),"") | AR100: =IF(AQ100="","",MATCH(AQ100,'Phản ánh'!$AL$6:$AL$505,0)) | AS100: =IFERROR(SMALL('Kế hoạch'!$AT$6:$AT$305,5),"") | AT100: =IF(AS100="","",MATCH(AS100,'Kế hoạch'!$AT$6:$AT$305,0))
B101: =IF($AR101="","",6) | C101: =IF($AR101="","",INDEX('Phản ánh'!$A$6:$A$505,$AR101)) | E101: =IF($AR101="",IF(6=1,"Không có phản ánh nào cần chú ý.",""),INDEX('Phản ánh'!$C$6:$C$505,$AR101)) | J101: =IF($AR101="","",INDEX('Phản ánh'!$F$6:$F$505,$AR101)&IF(INDEX('Phản ánh'!$G$6:$G$505,$AR101)="","",", "&IF(ISNUMBER(INDEX('Phản ánh'!$G$6:$G$505,$AR101)),"tầng "&INDEX('Phản ánh'!$G$6:$G$505,$AR101),LOWER(INDEX('Phản ánh'!$G$6:$G$505,$AR101))))) | M101: =IF($AR101="","",INDEX('Phản ánh'!$U$6:$U$505,$AR101)) | P101: =IF($AR101="","",INDEX('Phản ánh'!$W$6:$W$505,$AR101)) | R101: =IF($AR101="","",IF(N(INDEX('Phản ánh'!$AO$6:$AO$505,$AR101))>0,INDEX('Phản ánh'!$AD$6:$AD$505,$AR101),INDEX('Phản ánh'!$Y$6:$Y$505,$AR101))) | V101: =IF($AT101="","",6) | W101: =IF($AT101="","",INDEX('Kế hoạch'!$A$6:$A$305,$AT101)) | Y101: =IF($AT101="",IF(6=1,"Không có công việc nào cần chú ý.",""),INDEX('Kế hoạch'!$C$6:$C$305,$AT101)) | AF101: =IF($AT101="","",INDEX('Kế hoạch'!$E$6:$E$305,$AT101)&IF(INDEX('Kế hoạch'!$F$6:$F$305,$AT101)="","",", "&IF(ISNUMBER(INDEX('Kế hoạch'!$F$6:$F$305,$AT101)),"tầng "&INDEX('Kế hoạch'!$F$6:$F$305,$AT101),LOWER(INDEX('Kế hoạch'!$F$6:$F$305,$AT101))))) | AI101: =IF($AT101="","",INDEX('Kế hoạch'!$Y$6:$Y$305,$AT101)) | AK101: =IF($AT101="","",INDEX('Kế hoạch'!$AB$6:$AB$305,$AT101)) | AM101: =IF($AT101="","",IF(N(INDEX('Kế hoạch'!$BB$6:$BB$305,$AT101))>0,INDEX('Kế hoạch'!$AG$6:$AG$305,$AT101),INDEX('Kế hoạch'!$AD$6:$AD$305,$AT101))) | AQ101: =IFERROR(SMALL('Phản ánh'!$AL$6:$AL$505,6),"") | AR101: =IF(AQ101="","",MATCH(AQ101,'Phản ánh'!$AL$6:$AL$505,0)) | AS101: =IFERROR(SMALL('Kế hoạch'!$AT$6:$AT$305,6),"") | AT101: =IF(AS101="","",MATCH(AS101,'Kế hoạch'!$AT$6:$AT$305,0))
B102: =IF($AR102="","",7) | C102: =IF($AR102="","",INDEX('Phản ánh'!$A$6:$A$505,$AR102)) | E102: =IF($AR102="",IF(7=1,"Không có phản ánh nào cần chú ý.",""),INDEX('Phản ánh'!$C$6:$C$505,$AR102)) | J102: =IF($AR102="","",INDEX('Phản ánh'!$F$6:$F$505,$AR102)&IF(INDEX('Phản ánh'!$G$6:$G$505,$AR102)="","",", "&IF(ISNUMBER(INDEX('Phản ánh'!$G$6:$G$505,$AR102)),"tầng "&INDEX('Phản ánh'!$G$6:$G$505,$AR102),LOWER(INDEX('Phản ánh'!$G$6:$G$505,$AR102))))) | M102: =IF($AR102="","",INDEX('Phản ánh'!$U$6:$U$505,$AR102)) | P102: =IF($AR102="","",INDEX('Phản ánh'!$W$6:$W$505,$AR102)) | R102: =IF($AR102="","",IF(N(INDEX('Phản ánh'!$AO$6:$AO$505,$AR102))>0,INDEX('Phản ánh'!$AD$6:$AD$505,$AR102),INDEX('Phản ánh'!$Y$6:$Y$505,$AR102))) | V102: =IF($AT102="","",7) | W102: =IF($AT102="","",INDEX('Kế hoạch'!$A$6:$A$305,$AT102)) | Y102: =IF($AT102="",IF(7=1,"Không có công việc nào cần chú ý.",""),INDEX('Kế hoạch'!$C$6:$C$305,$AT102)) | AF102: =IF($AT102="","",INDEX('Kế hoạch'!$E$6:$E$305,$AT102)&IF(INDEX('Kế hoạch'!$F$6:$F$305,$AT102)="","",", "&IF(ISNUMBER(INDEX('Kế hoạch'!$F$6:$F$305,$AT102)),"tầng "&INDEX('Kế hoạch'!$F$6:$F$305,$AT102),LOWER(INDEX('Kế hoạch'!$F$6:$F$305,$AT102))))) | AI102: =IF($AT102="","",INDEX('Kế hoạch'!$Y$6:$Y$305,$AT102)) | AK102: =IF($AT102="","",INDEX('Kế hoạch'!$AB$6:$AB$305,$AT102)) | AM102: =IF($AT102="","",IF(N(INDEX('Kế hoạch'!$BB$6:$BB$305,$AT102))>0,INDEX('Kế hoạch'!$AG$6:$AG$305,$AT102),INDEX('Kế hoạch'!$AD$6:$AD$305,$AT102))) | AQ102: =IFERROR(SMALL('Phản ánh'!$AL$6:$AL$505,7),"") | AR102: =IF(AQ102="","",MATCH(AQ102,'Phản ánh'!$AL$6:$AL$505,0)) | AS102: =IFERROR(SMALL('Kế hoạch'!$AT$6:$AT$305,7),"") | AT102: =IF(AS102="","",MATCH(AS102,'Kế hoạch'!$AT$6:$AT$305,0))
B103: =IF($AR103="","",8) | C103: =IF($AR103="","",INDEX('Phản ánh'!$A$6:$A$505,$AR103)) | E103: =IF($AR103="",IF(8=1,"Không có phản ánh nào cần chú ý.",""),INDEX('Phản ánh'!$C$6:$C$505,$AR103)) | J103: =IF($AR103="","",INDEX('Phản ánh'!$F$6:$F$505,$AR103)&IF(INDEX('Phản ánh'!$G$6:$G$505,$AR103)="","",", "&IF(ISNUMBER(INDEX('Phản ánh'!$G$6:$G$505,$AR103)),"tầng "&INDEX('Phản ánh'!$G$6:$G$505,$AR103),LOWER(INDEX('Phản ánh'!$G$6:$G$505,$AR103))))) | M103: =IF($AR103="","",INDEX('Phản ánh'!$U$6:$U$505,$AR103)) | P103: =IF($AR103="","",INDEX('Phản ánh'!$W$6:$W$505,$AR103)) | R103: =IF($AR103="","",IF(N(INDEX('Phản ánh'!$AO$6:$AO$505,$AR103))>0,INDEX('Phản ánh'!$AD$6:$AD$505,$AR103),INDEX('Phản ánh'!$Y$6:$Y$505,$AR103))) | V103: =IF($AT103="","",8) | W103: =IF($AT103="","",INDEX('Kế hoạch'!$A$6:$A$305,$AT103)) | Y103: =IF($AT103="",IF(8=1,"Không có công việc nào cần chú ý.",""),INDEX('Kế hoạch'!$C$6:$C$305,$AT103)) | AF103: =IF($AT103="","",INDEX('Kế hoạch'!$E$6:$E$305,$AT103)&IF(INDEX('Kế hoạch'!$F$6:$F$305,$AT103)="","",", "&IF(ISNUMBER(INDEX('Kế hoạch'!$F$6:$F$305,$AT103)),"tầng "&INDEX('Kế hoạch'!$F$6:$F$305,$AT103),LOWER(INDEX('Kế hoạch'!$F$6:$F$305,$AT103))))) | AI103: =IF($AT103="","",INDEX('Kế hoạch'!$Y$6:$Y$305,$AT103)) | AK103: =IF($AT103="","",INDEX('Kế hoạch'!$AB$6:$AB$305,$AT103)) | AM103: =IF($AT103="","",IF(N(INDEX('Kế hoạch'!$BB$6:$BB$305,$AT103))>0,INDEX('Kế hoạch'!$AG$6:$AG$305,$AT103),INDEX('Kế hoạch'!$AD$6:$AD$305,$AT103))) | AQ103: =IFERROR(SMALL('Phản ánh'!$AL$6:$AL$505,8),"") | AR103: =IF(AQ103="","",MATCH(AQ103,'Phản ánh'!$AL$6:$AL$505,0)) | AS103: =IFERROR(SMALL('Kế hoạch'!$AT$6:$AT$305,8),"") | AT103: =IF(AS103="","",MATCH(AS103,'Kế hoạch'!$AT$6:$AT$305,0))
B104: =IF($AR104="","",9) | C104: =IF($AR104="","",INDEX('Phản ánh'!$A$6:$A$505,$AR104)) | E104: =IF($AR104="",IF(9=1,"Không có phản ánh nào cần chú ý.",""),INDEX('Phản ánh'!$C$6:$C$505,$AR104)) | J104: =IF($AR104="","",INDEX('Phản ánh'!$F$6:$F$505,$AR104)&IF(INDEX('Phản ánh'!$G$6:$G$505,$AR104)="","",", "&IF(ISNUMBER(INDEX('Phản ánh'!$G$6:$G$505,$AR104)),"tầng "&INDEX('Phản ánh'!$G$6:$G$505,$AR104),LOWER(INDEX('Phản ánh'!$G$6:$G$505,$AR104))))) | M104: =IF($AR104="","",INDEX('Phản ánh'!$U$6:$U$505,$AR104)) | P104: =IF($AR104="","",INDEX('Phản ánh'!$W$6:$W$505,$AR104)) | R104: =IF($AR104="","",IF(N(INDEX('Phản ánh'!$AO$6:$AO$505,$AR104))>0,INDEX('Phản ánh'!$AD$6:$AD$505,$AR104),INDEX('Phản ánh'!$Y$6:$Y$505,$AR104))) | V104: =IF($AT104="","",9) | W104: =IF($AT104="","",INDEX('Kế hoạch'!$A$6:$A$305,$AT104)) | Y104: =IF($AT104="",IF(9=1,"Không có công việc nào cần chú ý.",""),INDEX('Kế hoạch'!$C$6:$C$305,$AT104)) | AF104: =IF($AT104="","",INDEX('Kế hoạch'!$E$6:$E$305,$AT104)&IF(INDEX('Kế hoạch'!$F$6:$F$305,$AT104)="","",", "&IF(ISNUMBER(INDEX('Kế hoạch'!$F$6:$F$305,$AT104)),"tầng "&INDEX('Kế hoạch'!$F$6:$F$305,$AT104),LOWER(INDEX('Kế hoạch'!$F$6:$F$305,$AT104))))) | AI104: =IF($AT104="","",INDEX('Kế hoạch'!$Y$6:$Y$305,$AT104)) | AK104: =IF($AT104="","",INDEX('Kế hoạch'!$AB$6:$AB$305,$AT104)) | AM104: =IF($AT104="","",IF(N(INDEX('Kế hoạch'!$BB$6:$BB$305,$AT104))>0,INDEX('Kế hoạch'!$AG$6:$AG$305,$AT104),INDEX('Kế hoạch'!$AD$6:$AD$305,$AT104))) | AQ104: =IFERROR(SMALL('Phản ánh'!$AL$6:$AL$505,9),"") | AR104: =IF(AQ104="","",MATCH(AQ104,'Phản ánh'!$AL$6:$AL$505,0)) | AS104: =IFERROR(SMALL('Kế hoạch'!$AT$6:$AT$305,9),"") | AT104: =IF(AS104="","",MATCH(AS104,'Kế hoạch'!$AT$6:$AT$305,0))
B105: =IF($AR105="","",10) | C105: =IF($AR105="","",INDEX('Phản ánh'!$A$6:$A$505,$AR105)) | E105: =IF($AR105="",IF(10=1,"Không có phản ánh nào cần chú ý.",""),INDEX('Phản ánh'!$C$6:$C$505,$AR105)) | J105: =IF($AR105="","",INDEX('Phản ánh'!$F$6:$F$505,$AR105)&IF(INDEX('Phản ánh'!$G$6:$G$505,$AR105)="","",", "&IF(ISNUMBER(INDEX('Phản ánh'!$G$6:$G$505,$AR105)),"tầng "&INDEX('Phản ánh'!$G$6:$G$505,$AR105),LOWER(INDEX('Phản ánh'!$G$6:$G$505,$AR105))))) | M105: =IF($AR105="","",INDEX('Phản ánh'!$U$6:$U$505,$AR105)) | P105: =IF($AR105="","",INDEX('Phản ánh'!$W$6:$W$505,$AR105)) | R105: =IF($AR105="","",IF(N(INDEX('Phản ánh'!$AO$6:$AO$505,$AR105))>0,INDEX('Phản ánh'!$AD$6:$AD$505,$AR105),INDEX('Phản ánh'!$Y$6:$Y$505,$AR105))) | V105: =IF($AT105="","",10) | W105: =IF($AT105="","",INDEX('Kế hoạch'!$A$6:$A$305,$AT105)) | Y105: =IF($AT105="",IF(10=1,"Không có công việc nào cần chú ý.",""),INDEX('Kế hoạch'!$C$6:$C$305,$AT105)) | AF105: =IF($AT105="","",INDEX('Kế hoạch'!$E$6:$E$305,$AT105)&IF(INDEX('Kế hoạch'!$F$6:$F$305,$AT105)="","",", "&IF(ISNUMBER(INDEX('Kế hoạch'!$F$6:$F$305,$AT105)),"tầng "&INDEX('Kế hoạch'!$F$6:$F$305,$AT105),LOWER(INDEX('Kế hoạch'!$F$6:$F$305,$AT105))))) | AI105: =IF($AT105="","",INDEX('Kế hoạch'!$Y$6:$Y$305,$AT105)) | AK105: =IF($AT105="","",INDEX('Kế hoạch'!$AB$6:$AB$305,$AT105)) | AM105: =IF($AT105="","",IF(N(INDEX('Kế hoạch'!$BB$6:$BB$305,$AT105))>0,INDEX('Kế hoạch'!$AG$6:$AG$305,$AT105),INDEX('Kế hoạch'!$AD$6:$AD$305,$AT105))) | AQ105: =IFERROR(SMALL('Phản ánh'!$AL$6:$AL$505,10),"") | AR105: =IF(AQ105="","",MATCH(AQ105,'Phản ánh'!$AL$6:$AL$505,0)) | AS105: =IFERROR(SMALL('Kế hoạch'!$AT$6:$AT$305,10),"") | AT105: =IF(AS105="","",MATCH(AS105,'Kế hoạch'!$AT$6:$AT$305,0))
B107: THỜI GIAN XỬ LÝ VÀ DEADLINE | V107: THEO NGƯỜI PHỤ TRÁCH | AQ107: =MAX(0,MAX('Phản ánh'!$AN$6:$AN$505))
B108: ="Trong 30 ngày qua xử lý xong "&($AQ$108+$AR$108)&" phản ánh và việc đột xuất, bình quân "&B110&" mỗi đầu việc, "&IF(ISNUMBER(L110),TEXT(L110,"0%"),"–")&" đúng deadline; "&B115&" đầu việc vượt ước tính, "&L115&" đầu việc có deadline trong 48 giờ tới." | V108: Tên tự lấy từ cột Người phụ trách ở tab Phản ánh và Kế hoạch theo thứ tự xuất hiện, tối đa 12 người. Đang mở gồm phản ánh, việc đột xuất chưa xong và việc định kỳ đến kỳ trong 7 ngày; thời gian xử lý bình quân tính trên phản ánh và việc đột xuất đã xong. | AQ108: =COUNTIFS('Phản ánh'!$AE$6:$AE$505,"Đúng hạn",'Phản ánh'!$AA$6:$AA$505,">="&(TDBC-30))+COUNTIFS('Kế hoạch'!$AH$6:$AH$305,"Đúng hạn",'Kế hoạch'!$X$6:$X$305,">="&(TDBC-30)) | AR108: =COUNTIFS('Phản ánh'!$AE$6:$AE$505,"Trễ hạn",'Phản ánh'!$AA$6:$AA$505,">="&(TDBC-30))+COUNTIFS('Kế hoạch'!$AH$6:$AH$305,"Trễ hạn",'Kế hoạch'!$X$6:$X$305,">="&(TDBC-30))
B109: THỜI GIAN XỬ LÝ BÌNH QUÂN | L109: XONG ĐÚNG DEADLINE | V109: Người phụ trách | AC109: Đang mở | AE109: Quá hạn | AG109: Xong 30 ngày | AI109: TG xử lý bình quân | AM109: Đúng hạn 30 ngày | AQ109: =SUMIFS('Phản ánh'!$AI$6:$AI$505,'Phản ánh'!$AA$6:$AA$505,">="&(TDBC-30))+SUMIFS('Kế hoạch'!$AV$6:$AV$305,'Kế hoạch'!$B$6:$B$305,"Đột xuất",'Kế hoạch'!$X$6:$X$305,">="&(TDBC-30)) | AR109: =COUNTIFS('Phản ánh'!$AA$6:$AA$505,">="&(TDBC-30),'Phản ánh'!$AI$6:$AI$505,">=0")+COUNTIFS('Kế hoạch'!$B$6:$B$305,"Đột xuất",'Kế hoạch'!$X$6:$X$305,">="&(TDBC-30),'Kế hoạch'!$AV$6:$AV$305,">=0") | AS109: =SUMIFS('Phản ánh'!$AH$6:$AH$505,'Phản ánh'!$AA$6:$AA$505,">="&(TDBC-30),'Phản ánh'!$AI$6:$AI$505,">=0")+SUMIFS('Kế hoạch'!$AU$6:$AU$305,'Kế hoạch'!$B$6:$B$305,"Đột xuất",'Kế hoạch'!$X$6:$X$305,">="&(TDBC-30),'Kế hoạch'!$AV$6:$AV$305,">=0") | AT109: =COUNTIFS('Phản ánh'!$AA$6:$AA$505,">="&(TDBC-30),'Phản ánh'!$AI$6:$AI$505,">=0",'Phản ánh'!$AH$6:$AH$505,">0")+COUNTIFS('Kế hoạch'!$B$6:$B$305,"Đột xuất",'Kế hoạch'!$X$6:$X$305,">="&(TDBC-30),'Kế hoạch'!$AV$6:$AV$305,">=0",'Kế hoạch'!$AU$6:$AU$305,">0")
B110: =IF($AR$109=0,"–",IF(($AQ$109/$AR$109)<1,MAX(1,ROUND(($AQ$109/$AR$109)*60,0))&" phút",IF(ROUND(($AQ$109/$AR$109),0)<24,ROUND(($AQ$109/$AR$109),0)&" giờ",INT(ROUND(($AQ$109/$AR$109),0)/24)&" ngày"&IF(MOD(ROUND(($AQ$109/$AR$109),0),24)>0," "&MOD(ROUND(($AQ$109/$AR$109),0),24)&" giờ","")))) | L110: =IF($AQ$108+$AR$108=0,"–",$AQ$108/($AQ$108+$AR$108)) | V110: =IFERROR(IF(1<=$AQ$107,INDEX('Phản ánh'!$K$6:$K$505,MATCH(1,'Phản ánh'!$AN$6:$AN$505,0)),INDEX('Kế hoạch'!$N$6:$N$305,MATCH(1-$AQ$107,'Kế hoạch'!$BA$6:$BA$305,0))),"") | AC110: =IF($V110="","",COUNTIFS('Phản ánh'!$K$6:$K$505,$V110,'Phản ánh'!$V$6:$V$505,"<>Đã xử lý",'Phản ánh'!$A$6:$A$505,"?*")+COUNTIFS('Kế hoạch'!$N$6:$N$305,$V110,'Kế hoạch'!$A$6:$A$305,"?*",'Kế hoạch'!$B$6:$B$305,"Đột xuất",'Kế hoạch'!$AO$6:$AO$305,1)+COUNTIFS('Kế hoạch'!$N$6:$N$305,$V110,'Kế hoạch'!$A$6:$A$305,"?*",'Kế hoạch'!$B$6:$B$305,"Định kỳ",'Kế hoạch'!$AR$6:$AR$305,0,'Kế hoạch'!$AP$6:$AP$305,">0",'Kế hoạch'!$AP$6:$AP$305,"<="&(NgayBC+7))) | AE110: =IF($V110="","",COUNTIFS('Phản ánh'!$K$6:$K$505,$V110,'Phản ánh'!$A$6:$A$505,"?*",'Phản ánh'!$Y$6:$Y$505,"Quá hạn")+COUNTIFS('Kế hoạch'!$N$6:$N$305,$V110,'Kế hoạch'!$A$6:$A$305,"?*",'Kế hoạch'!$AD$6:$AD$305,"Quá hạn")) | AG110: =IF($V110="","",COUNTIFS('Phản ánh'!$K$6:$K$505,$V110,'Phản ánh'!$A$6:$A$505,"?*",'Phản ánh'!$AA$6:$AA$505,">="&(TDBC-30))+COUNTIFS('Kế hoạch'!$N$6:$N$305,$V110,'Kế hoạch'!$A$6:$A$305,"?*",'Kế hoạch'!$B$6:$B$305,"Đột xuất",'Kế hoạch'!$AA$6:$AA$305,"Hoàn thành",'Kế hoạch'!$X$6:$X$305,">="&(TDBC-30))+COUNTIFS('Nhật ký tiến độ'!$K$6:$K$3005,$V110,'Nhật ký tiến độ'!$E$6:$E$3005,"Hoàn thành kỳ",'Nhật ký tiến độ'!$B$6:$B$3005,">="&(TDBC-30))) | AI110: =IF(OR($V110="",$AR110=0),IF($V110="","","–"),IF(($AQ110/$AR110)<1,MAX(1,ROUND(($AQ110/$AR110)*60,0))&" phút",IF(ROUND(($AQ110/$AR110),0)<24,ROUND(($AQ110/$AR110),0)&" giờ",INT(ROUND(($AQ110/$AR110),0)/24)&" ngày"&IF(MOD(ROUND(($AQ110/$AR110),0),24)>0," "&MOD(ROUND(($AQ110/$AR110),0),24)&" giờ","")))) | AM110: =IF($V110="","",IF($AS110+$AT110=0,"–",$AS110/($AS110+$AT110))) | AQ110: =SUMIFS('Phản ánh'!$AI$6:$AI$505,'Phản ánh'!$K$6:$K$505,$V110,'Phản ánh'!$A$6:$A$505,"?*")+SUMIFS('Kế hoạch'!$AV$6:$AV$305,'Kế hoạch'!$N$6:$N$305,$V110,'Kế hoạch'!$A$6:$A$305,"?*",'Kế hoạch'!$B$6:$B$305,"Đột xuất") | AR110: =COUNTIFS('Phản ánh'!$K$6:$K$505,$V110,'Phản ánh'!$A$6:$A$505,"?*",'Phản ánh'!$AI$6:$AI$505,">=0")+COUNTIFS('Kế hoạch'!$N$6:$N$305,$V110,'Kế hoạch'!$A$6:$A$305,"?*",'Kế hoạch'!$B$6:$B$305,"Đột xuất",'Kế hoạch'!$AV$6:$AV$305,">=0") | AS110: =COUNTIFS('Phản ánh'!$K$6:$K$505,$V110,'Phản ánh'!$A$6:$A$505,"?*",'Phản ánh'!$AE$6:$AE$505,"Đúng hạn",'Phản ánh'!$AA$6:$AA$505,">="&(TDBC-30))+COUNTIFS('Kế hoạch'!$N$6:$N$305,$V110,'Kế hoạch'!$A$6:$A$305,"?*",'Kế hoạch'!$AH$6:$AH$305,"Đúng hạn",'Kế hoạch'!$X$6:$X$305,">="&(TDBC-30))+COUNTIFS('Nhật ký tiến độ'!$K$6:$K$3005,$V110,'Nhật ký tiến độ'!$E$6:$E$3005,"Hoàn thành kỳ",'Nhật ký tiến độ'!$M$6:$M$3005,"Đúng hạn",'Nhật ký tiến độ'!$B$6:$B$3005,">="&(TDBC-30)) | AT110: =COUNTIFS('Phản ánh'!$K$6:$K$505,$V110,'Phản ánh'!$A$6:$A$505,"?*",'Phản ánh'!$AE$6:$AE$505,"Trễ hạn",'Phản ánh'!$AA$6:$AA$505,">="&(TDBC-30))+COUNTIFS('Kế hoạch'!$N$6:$N$305,$V110,'Kế hoạch'!$A$6:$A$305,"?*",'Kế hoạch'!$AH$6:$AH$305,"Trễ hạn",'Kế hoạch'!$X$6:$X$305,">="&(TDBC-30))+COUNTIFS('Nhật ký tiến độ'!$K$6:$K$3005,$V110,'Nhật ký tiến độ'!$E$6:$E$3005,"Hoàn thành kỳ",'Nhật ký tiến độ'!$M$6:$M$3005,"Trễ hạn",'Nhật ký tiến độ'!$B$6:$B$3005,">="&(TDBC-30))
V111: =IFERROR(IF(2<=$AQ$107,INDEX('Phản ánh'!$K$6:$K$505,MATCH(2,'Phản ánh'!$AN$6:$AN$505,0)),INDEX('Kế hoạch'!$N$6:$N$305,MATCH(2-$AQ$107,'Kế hoạch'!$BA$6:$BA$305,0))),"") | AC111: =IF($V111="","",COUNTIFS('Phản ánh'!$K$6:$K$505,$V111,'Phản ánh'!$V$6:$V$505,"<>Đã xử lý",'Phản ánh'!$A$6:$A$505,"?*")+COUNTIFS('Kế hoạch'!$N$6:$N$305,$V111,'Kế hoạch'!$A$6:$A$305,"?*",'Kế hoạch'!$B$6:$B$305,"Đột xuất",'Kế hoạch'!$AO$6:$AO$305,1)+COUNTIFS('Kế hoạch'!$N$6:$N$305,$V111,'Kế hoạch'!$A$6:$A$305,"?*",'Kế hoạch'!$B$6:$B$305,"Định kỳ",'Kế hoạch'!$AR$6:$AR$305,0,'Kế hoạch'!$AP$6:$AP$305,">0",'Kế hoạch'!$AP$6:$AP$305,"<="&(NgayBC+7))) | AE111: =IF($V111="","",COUNTIFS('Phản ánh'!$K$6:$K$505,$V111,'Phản ánh'!$A$6:$A$505,"?*",'Phản ánh'!$Y$6:$Y$505,"Quá hạn")+COUNTIFS('Kế hoạch'!$N$6:$N$305,$V111,'Kế hoạch'!$A$6:$A$305,"?*",'Kế hoạch'!$AD$6:$AD$305,"Quá hạn")) | AG111: =IF($V111="","",COUNTIFS('Phản ánh'!$K$6:$K$505,$V111,'Phản ánh'!$A$6:$A$505,"?*",'Phản ánh'!$AA$6:$AA$505,">="&(TDBC-30))+COUNTIFS('Kế hoạch'!$N$6:$N$305,$V111,'Kế hoạch'!$A$6:$A$305,"?*",'Kế hoạch'!$B$6:$B$305,"Đột xuất",'Kế hoạch'!$AA$6:$AA$305,"Hoàn thành",'Kế hoạch'!$X$6:$X$305,">="&(TDBC-30))+COUNTIFS('Nhật ký tiến độ'!$K$6:$K$3005,$V111,'Nhật ký tiến độ'!$E$6:$E$3005,"Hoàn thành kỳ",'Nhật ký tiến độ'!$B$6:$B$3005,">="&(TDBC-30))) | AI111: =IF(OR($V111="",$AR111=0),IF($V111="","","–"),IF(($AQ111/$AR111)<1,MAX(1,ROUND(($AQ111/$AR111)*60,0))&" phút",IF(ROUND(($AQ111/$AR111),0)<24,ROUND(($AQ111/$AR111),0)&" giờ",INT(ROUND(($AQ111/$AR111),0)/24)&" ngày"&IF(MOD(ROUND(($AQ111/$AR111),0),24)>0," "&MOD(ROUND(($AQ111/$AR111),0),24)&" giờ","")))) | AM111: =IF($V111="","",IF($AS111+$AT111=0,"–",$AS111/($AS111+$AT111))) | AQ111: =SUMIFS('Phản ánh'!$AI$6:$AI$505,'Phản ánh'!$K$6:$K$505,$V111,'Phản ánh'!$A$6:$A$505,"?*")+SUMIFS('Kế hoạch'!$AV$6:$AV$305,'Kế hoạch'!$N$6:$N$305,$V111,'Kế hoạch'!$A$6:$A$305,"?*",'Kế hoạch'!$B$6:$B$305,"Đột xuất") | AR111: =COUNTIFS('Phản ánh'!$K$6:$K$505,$V111,'Phản ánh'!$A$6:$A$505,"?*",'Phản ánh'!$AI$6:$AI$505,">=0")+COUNTIFS('Kế hoạch'!$N$6:$N$305,$V111,'Kế hoạch'!$A$6:$A$305,"?*",'Kế hoạch'!$B$6:$B$305,"Đột xuất",'Kế hoạch'!$AV$6:$AV$305,">=0") | AS111: =COUNTIFS('Phản ánh'!$K$6:$K$505,$V111,'Phản ánh'!$A$6:$A$505,"?*",'Phản ánh'!$AE$6:$AE$505,"Đúng hạn",'Phản ánh'!$AA$6:$AA$505,">="&(TDBC-30))+COUNTIFS('Kế hoạch'!$N$6:$N$305,$V111,'Kế hoạch'!$A$6:$A$305,"?*",'Kế hoạch'!$AH$6:$AH$305,"Đúng hạn",'Kế hoạch'!$X$6:$X$305,">="&(TDBC-30))+COUNTIFS('Nhật ký tiến độ'!$K$6:$K$3005,$V111,'Nhật ký tiến độ'!$E$6:$E$3005,"Hoàn thành kỳ",'Nhật ký tiến độ'!$M$6:$M$3005,"Đúng hạn",'Nhật ký tiến độ'!$B$6:$B$3005,">="&(TDBC-30)) | AT111: =COUNTIFS('Phản ánh'!$K$6:$K$505,$V111,'Phản ánh'!$A$6:$A$505,"?*",'Phản ánh'!$AE$6:$AE$505,"Trễ hạn",'Phản ánh'!$AA$6:$AA$505,">="&(TDBC-30))+COUNTIFS('Kế hoạch'!$N$6:$N$305,$V111,'Kế hoạch'!$A$6:$A$305,"?*",'Kế hoạch'!$AH$6:$AH$305,"Trễ hạn",'Kế hoạch'!$X$6:$X$305,">="&(TDBC-30))+COUNTIFS('Nhật ký tiến độ'!$K$6:$K$3005,$V111,'Nhật ký tiến độ'!$E$6:$E$3005,"Hoàn thành kỳ",'Nhật ký tiến độ'!$M$6:$M$3005,"Trễ hạn",'Nhật ký tiến độ'!$B$6:$B$3005,">="&(TDBC-30))
B112: =IF($AT$109=0,"chưa có đầu việc xong kèm ước tính","ước tính bình quân "&IF(($AS$109/$AT$109)<1,MAX(1,ROUND(($AS$109/$AT$109)*60,0))&" phút",IF(ROUND(($AS$109/$AT$109),0)<24,ROUND(($AS$109/$AT$109),0)&" giờ",INT(ROUND(($AS$109/$AT$109),0)/24)&" ngày"&IF(MOD(ROUND(($AS$109/$AT$109),0),24)>0," "&MOD(ROUND(($AS$109/$AT$109),0),24)&" giờ","")))) | L112: =$AQ$108&" trên "&($AQ$108+$AR$108)&" đầu việc xong trong 30 ngày" | V112: =IFERROR(IF(3<=$AQ$107,INDEX('Phản ánh'!$K$6:$K$505,MATCH(3,'Phản ánh'!$AN$6:$AN$505,0)),INDEX('Kế hoạch'!$N$6:$N$305,MATCH(3-$AQ$107,'Kế hoạch'!$BA$6:$BA$305,0))),"") | AC112: =IF($V112="","",COUNTIFS('Phản ánh'!$K$6:$K$505,$V112,'Phản ánh'!$V$6:$V$505,"<>Đã xử lý",'Phản ánh'!$A$6:$A$505,"?*")+COUNTIFS('Kế hoạch'!$N$6:$N$305,$V112,'Kế hoạch'!$A$6:$A$305,"?*",'Kế hoạch'!$B$6:$B$305,"Đột xuất",'Kế hoạch'!$AO$6:$AO$305,1)+COUNTIFS('Kế hoạch'!$N$6:$N$305,$V112,'Kế hoạch'!$A$6:$A$305,"?*",'Kế hoạch'!$B$6:$B$305,"Định kỳ",'Kế hoạch'!$AR$6:$AR$305,0,'Kế hoạch'!$AP$6:$AP$305,">0",'Kế hoạch'!$AP$6:$AP$305,"<="&(NgayBC+7))) | AE112: =IF($V112="","",COUNTIFS('Phản ánh'!$K$6:$K$505,$V112,'Phản ánh'!$A$6:$A$505,"?*",'Phản ánh'!$Y$6:$Y$505,"Quá hạn")+COUNTIFS('Kế hoạch'!$N$6:$N$305,$V112,'Kế hoạch'!$A$6:$A$305,"?*",'Kế hoạch'!$AD$6:$AD$305,"Quá hạn")) | AG112: =IF($V112="","",COUNTIFS('Phản ánh'!$K$6:$K$505,$V112,'Phản ánh'!$A$6:$A$505,"?*",'Phản ánh'!$AA$6:$AA$505,">="&(TDBC-30))+COUNTIFS('Kế hoạch'!$N$6:$N$305,$V112,'Kế hoạch'!$A$6:$A$305,"?*",'Kế hoạch'!$B$6:$B$305,"Đột xuất",'Kế hoạch'!$AA$6:$AA$305,"Hoàn thành",'Kế hoạch'!$X$6:$X$305,">="&(TDBC-30))+COUNTIFS('Nhật ký tiến độ'!$K$6:$K$3005,$V112,'Nhật ký tiến độ'!$E$6:$E$3005,"Hoàn thành kỳ",'Nhật ký tiến độ'!$B$6:$B$3005,">="&(TDBC-30))) | AI112: =IF(OR($V112="",$AR112=0),IF($V112="","","–"),IF(($AQ112/$AR112)<1,MAX(1,ROUND(($AQ112/$AR112)*60,0))&" phút",IF(ROUND(($AQ112/$AR112),0)<24,ROUND(($AQ112/$AR112),0)&" giờ",INT(ROUND(($AQ112/$AR112),0)/24)&" ngày"&IF(MOD(ROUND(($AQ112/$AR112),0),24)>0," "&MOD(ROUND(($AQ112/$AR112),0),24)&" giờ","")))) | AM112: =IF($V112="","",IF($AS112+$AT112=0,"–",$AS112/($AS112+$AT112))) | AQ112: =SUMIFS('Phản ánh'!$AI$6:$AI$505,'Phản ánh'!$K$6:$K$505,$V112,'Phản ánh'!$A$6:$A$505,"?*")+SUMIFS('Kế hoạch'!$AV$6:$AV$305,'Kế hoạch'!$N$6:$N$305,$V112,'Kế hoạch'!$A$6:$A$305,"?*",'Kế hoạch'!$B$6:$B$305,"Đột xuất") | AR112: =COUNTIFS('Phản ánh'!$K$6:$K$505,$V112,'Phản ánh'!$A$6:$A$505,"?*",'Phản ánh'!$AI$6:$AI$505,">=0")+COUNTIFS('Kế hoạch'!$N$6:$N$305,$V112,'Kế hoạch'!$A$6:$A$305,"?*",'Kế hoạch'!$B$6:$B$305,"Đột xuất",'Kế hoạch'!$AV$6:$AV$305,">=0") | AS112: =COUNTIFS('Phản ánh'!$K$6:$K$505,$V112,'Phản ánh'!$A$6:$A$505,"?*",'Phản ánh'!$AE$6:$AE$505,"Đúng hạn",'Phản ánh'!$AA$6:$AA$505,">="&(TDBC-30))+COUNTIFS('Kế hoạch'!$N$6:$N$305,$V112,'Kế hoạch'!$A$6:$A$305,"?*",'Kế hoạch'!$AH$6:$AH$305,"Đúng hạn",'Kế hoạch'!$X$6:$X$305,">="&(TDBC-30))+COUNTIFS('Nhật ký tiến độ'!$K$6:$K$3005,$V112,'Nhật ký tiến độ'!$E$6:$E$3005,"Hoàn thành kỳ",'Nhật ký tiến độ'!$M$6:$M$3005,"Đúng hạn",'Nhật ký tiến độ'!$B$6:$B$3005,">="&(TDBC-30)) | AT112: =COUNTIFS('Phản ánh'!$K$6:$K$505,$V112,'Phản ánh'!$A$6:$A$505,"?*",'Phản ánh'!$AE$6:$AE$505,"Trễ hạn",'Phản ánh'!$AA$6:$AA$505,">="&(TDBC-30))+COUNTIFS('Kế hoạch'!$N$6:$N$305,$V112,'Kế hoạch'!$A$6:$A$305,"?*",'Kế hoạch'!$AH$6:$AH$305,"Trễ hạn",'Kế hoạch'!$X$6:$X$305,">="&(TDBC-30))+COUNTIFS('Nhật ký tiến độ'!$K$6:$K$3005,$V112,'Nhật ký tiến độ'!$E$6:$E$3005,"Hoàn thành kỳ",'Nhật ký tiến độ'!$M$6:$M$3005,"Trễ hạn",'Nhật ký tiến độ'!$B$6:$B$3005,">="&(TDBC-30))
V113: =IFERROR(IF(4<=$AQ$107,INDEX('Phản ánh'!$K$6:$K$505,MATCH(4,'Phản ánh'!$AN$6:$AN$505,0)),INDEX('Kế hoạch'!$N$6:$N$305,MATCH(4-$AQ$107,'Kế hoạch'!$BA$6:$BA$305,0))),"") | AC113: =IF($V113="","",COUNTIFS('Phản ánh'!$K$6:$K$505,$V113,'Phản ánh'!$V$6:$V$505,"<>Đã xử lý",'Phản ánh'!$A$6:$A$505,"?*")+COUNTIFS('Kế hoạch'!$N$6:$N$305,$V113,'Kế hoạch'!$A$6:$A$305,"?*",'Kế hoạch'!$B$6:$B$305,"Đột xuất",'Kế hoạch'!$AO$6:$AO$305,1)+COUNTIFS('Kế hoạch'!$N$6:$N$305,$V113,'Kế hoạch'!$A$6:$A$305,"?*",'Kế hoạch'!$B$6:$B$305,"Định kỳ",'Kế hoạch'!$AR$6:$AR$305,0,'Kế hoạch'!$AP$6:$AP$305,">0",'Kế hoạch'!$AP$6:$AP$305,"<="&(NgayBC+7))) | AE113: =IF($V113="","",COUNTIFS('Phản ánh'!$K$6:$K$505,$V113,'Phản ánh'!$A$6:$A$505,"?*",'Phản ánh'!$Y$6:$Y$505,"Quá hạn")+COUNTIFS('Kế hoạch'!$N$6:$N$305,$V113,'Kế hoạch'!$A$6:$A$305,"?*",'Kế hoạch'!$AD$6:$AD$305,"Quá hạn")) | AG113: =IF($V113="","",COUNTIFS('Phản ánh'!$K$6:$K$505,$V113,'Phản ánh'!$A$6:$A$505,"?*",'Phản ánh'!$AA$6:$AA$505,">="&(TDBC-30))+COUNTIFS('Kế hoạch'!$N$6:$N$305,$V113,'Kế hoạch'!$A$6:$A$305,"?*",'Kế hoạch'!$B$6:$B$305,"Đột xuất",'Kế hoạch'!$AA$6:$AA$305,"Hoàn thành",'Kế hoạch'!$X$6:$X$305,">="&(TDBC-30))+COUNTIFS('Nhật ký tiến độ'!$K$6:$K$3005,$V113,'Nhật ký tiến độ'!$E$6:$E$3005,"Hoàn thành kỳ",'Nhật ký tiến độ'!$B$6:$B$3005,">="&(TDBC-30))) | AI113: =IF(OR($V113="",$AR113=0),IF($V113="","","–"),IF(($AQ113/$AR113)<1,MAX(1,ROUND(($AQ113/$AR113)*60,0))&" phút",IF(ROUND(($AQ113/$AR113),0)<24,ROUND(($AQ113/$AR113),0)&" giờ",INT(ROUND(($AQ113/$AR113),0)/24)&" ngày"&IF(MOD(ROUND(($AQ113/$AR113),0),24)>0," "&MOD(ROUND(($AQ113/$AR113),0),24)&" giờ","")))) | AM113: =IF($V113="","",IF($AS113+$AT113=0,"–",$AS113/($AS113+$AT113))) | AQ113: =SUMIFS('Phản ánh'!$AI$6:$AI$505,'Phản ánh'!$K$6:$K$505,$V113,'Phản ánh'!$A$6:$A$505,"?*")+SUMIFS('Kế hoạch'!$AV$6:$AV$305,'Kế hoạch'!$N$6:$N$305,$V113,'Kế hoạch'!$A$6:$A$305,"?*",'Kế hoạch'!$B$6:$B$305,"Đột xuất") | AR113: =COUNTIFS('Phản ánh'!$K$6:$K$505,$V113,'Phản ánh'!$A$6:$A$505,"?*",'Phản ánh'!$AI$6:$AI$505,">=0")+COUNTIFS('Kế hoạch'!$N$6:$N$305,$V113,'Kế hoạch'!$A$6:$A$305,"?*",'Kế hoạch'!$B$6:$B$305,"Đột xuất",'Kế hoạch'!$AV$6:$AV$305,">=0") | AS113: =COUNTIFS('Phản ánh'!$K$6:$K$505,$V113,'Phản ánh'!$A$6:$A$505,"?*",'Phản ánh'!$AE$6:$AE$505,"Đúng hạn",'Phản ánh'!$AA$6:$AA$505,">="&(TDBC-30))+COUNTIFS('Kế hoạch'!$N$6:$N$305,$V113,'Kế hoạch'!$A$6:$A$305,"?*",'Kế hoạch'!$AH$6:$AH$305,"Đúng hạn",'Kế hoạch'!$X$6:$X$305,">="&(TDBC-30))+COUNTIFS('Nhật ký tiến độ'!$K$6:$K$3005,$V113,'Nhật ký tiến độ'!$E$6:$E$3005,"Hoàn thành kỳ",'Nhật ký tiến độ'!$M$6:$M$3005,"Đúng hạn",'Nhật ký tiến độ'!$B$6:$B$3005,">="&(TDBC-30)) | AT113: =COUNTIFS('Phản ánh'!$K$6:$K$505,$V113,'Phản ánh'!$A$6:$A$505,"?*",'Phản ánh'!$AE$6:$AE$505,"Trễ hạn",'Phản ánh'!$AA$6:$AA$505,">="&(TDBC-30))+COUNTIFS('Kế hoạch'!$N$6:$N$305,$V113,'Kế hoạch'!$A$6:$A$305,"?*",'Kế hoạch'!$AH$6:$AH$305,"Trễ hạn",'Kế hoạch'!$X$6:$X$305,">="&(TDBC-30))+COUNTIFS('Nhật ký tiến độ'!$K$6:$K$3005,$V113,'Nhật ký tiến độ'!$E$6:$E$3005,"Hoàn thành kỳ",'Nhật ký tiến độ'!$M$6:$M$3005,"Trễ hạn",'Nhật ký tiến độ'!$B$6:$B$3005,">="&(TDBC-30))
B114: VƯỢT THỜI GIAN ƯỚC TÍNH | L114: DEADLINE TRONG 48 GIỜ TỚI | V114: =IFERROR(IF(5<=$AQ$107,INDEX('Phản ánh'!$K$6:$K$505,MATCH(5,'Phản ánh'!$AN$6:$AN$505,0)),INDEX('Kế hoạch'!$N$6:$N$305,MATCH(5-$AQ$107,'Kế hoạch'!$BA$6:$BA$305,0))),"") | AC114: =IF($V114="","",COUNTIFS('Phản ánh'!$K$6:$K$505,$V114,'Phản ánh'!$V$6:$V$505,"<>Đã xử lý",'Phản ánh'!$A$6:$A$505,"?*")+COUNTIFS('Kế hoạch'!$N$6:$N$305,$V114,'Kế hoạch'!$A$6:$A$305,"?*",'Kế hoạch'!$B$6:$B$305,"Đột xuất",'Kế hoạch'!$AO$6:$AO$305,1)+COUNTIFS('Kế hoạch'!$N$6:$N$305,$V114,'Kế hoạch'!$A$6:$A$305,"?*",'Kế hoạch'!$B$6:$B$305,"Định kỳ",'Kế hoạch'!$AR$6:$AR$305,0,'Kế hoạch'!$AP$6:$AP$305,">0",'Kế hoạch'!$AP$6:$AP$305,"<="&(NgayBC+7))) | AE114: =IF($V114="","",COUNTIFS('Phản ánh'!$K$6:$K$505,$V114,'Phản ánh'!$A$6:$A$505,"?*",'Phản ánh'!$Y$6:$Y$505,"Quá hạn")+COUNTIFS('Kế hoạch'!$N$6:$N$305,$V114,'Kế hoạch'!$A$6:$A$305,"?*",'Kế hoạch'!$AD$6:$AD$305,"Quá hạn")) | AG114: =IF($V114="","",COUNTIFS('Phản ánh'!$K$6:$K$505,$V114,'Phản ánh'!$A$6:$A$505,"?*",'Phản ánh'!$AA$6:$AA$505,">="&(TDBC-30))+COUNTIFS('Kế hoạch'!$N$6:$N$305,$V114,'Kế hoạch'!$A$6:$A$305,"?*",'Kế hoạch'!$B$6:$B$305,"Đột xuất",'Kế hoạch'!$AA$6:$AA$305,"Hoàn thành",'Kế hoạch'!$X$6:$X$305,">="&(TDBC-30))+COUNTIFS('Nhật ký tiến độ'!$K$6:$K$3005,$V114,'Nhật ký tiến độ'!$E$6:$E$3005,"Hoàn thành kỳ",'Nhật ký tiến độ'!$B$6:$B$3005,">="&(TDBC-30))) | AI114: =IF(OR($V114="",$AR114=0),IF($V114="","","–"),IF(($AQ114/$AR114)<1,MAX(1,ROUND(($AQ114/$AR114)*60,0))&" phút",IF(ROUND(($AQ114/$AR114),0)<24,ROUND(($AQ114/$AR114),0)&" giờ",INT(ROUND(($AQ114/$AR114),0)/24)&" ngày"&IF(MOD(ROUND(($AQ114/$AR114),0),24)>0," "&MOD(ROUND(($AQ114/$AR114),0),24)&" giờ","")))) | AM114: =IF($V114="","",IF($AS114+$AT114=0,"–",$AS114/($AS114+$AT114))) | AQ114: =SUMIFS('Phản ánh'!$AI$6:$AI$505,'Phản ánh'!$K$6:$K$505,$V114,'Phản ánh'!$A$6:$A$505,"?*")+SUMIFS('Kế hoạch'!$AV$6:$AV$305,'Kế hoạch'!$N$6:$N$305,$V114,'Kế hoạch'!$A$6:$A$305,"?*",'Kế hoạch'!$B$6:$B$305,"Đột xuất") | AR114: =COUNTIFS('Phản ánh'!$K$6:$K$505,$V114,'Phản ánh'!$A$6:$A$505,"?*",'Phản ánh'!$AI$6:$AI$505,">=0")+COUNTIFS('Kế hoạch'!$N$6:$N$305,$V114,'Kế hoạch'!$A$6:$A$305,"?*",'Kế hoạch'!$B$6:$B$305,"Đột xuất",'Kế hoạch'!$AV$6:$AV$305,">=0") | AS114: =COUNTIFS('Phản ánh'!$K$6:$K$505,$V114,'Phản ánh'!$A$6:$A$505,"?*",'Phản ánh'!$AE$6:$AE$505,"Đúng hạn",'Phản ánh'!$AA$6:$AA$505,">="&(TDBC-30))+COUNTIFS('Kế hoạch'!$N$6:$N$305,$V114,'Kế hoạch'!$A$6:$A$305,"?*",'Kế hoạch'!$AH$6:$AH$305,"Đúng hạn",'Kế hoạch'!$X$6:$X$305,">="&(TDBC-30))+COUNTIFS('Nhật ký tiến độ'!$K$6:$K$3005,$V114,'Nhật ký tiến độ'!$E$6:$E$3005,"Hoàn thành kỳ",'Nhật ký tiến độ'!$M$6:$M$3005,"Đúng hạn",'Nhật ký tiến độ'!$B$6:$B$3005,">="&(TDBC-30)) | AT114: =COUNTIFS('Phản ánh'!$K$6:$K$505,$V114,'Phản ánh'!$A$6:$A$505,"?*",'Phản ánh'!$AE$6:$AE$505,"Trễ hạn",'Phản ánh'!$AA$6:$AA$505,">="&(TDBC-30))+COUNTIFS('Kế hoạch'!$N$6:$N$305,$V114,'Kế hoạch'!$A$6:$A$305,"?*",'Kế hoạch'!$AH$6:$AH$305,"Trễ hạn",'Kế hoạch'!$X$6:$X$305,">="&(TDBC-30))+COUNTIFS('Nhật ký tiến độ'!$K$6:$K$3005,$V114,'Nhật ký tiến độ'!$E$6:$E$3005,"Hoàn thành kỳ",'Nhật ký tiến độ'!$M$6:$M$3005,"Trễ hạn",'Nhật ký tiến độ'!$B$6:$B$3005,">="&(TDBC-30))
B115: =COUNTIFS('Phản ánh'!$AC$6:$AC$505,"Vượt*",'Phản ánh'!$AA$6:$AA$505,">="&(TDBC-30))+COUNTIFS('Kế hoạch'!$B$6:$B$305,"Đột xuất",'Kế hoạch'!$AF$6:$AF$305,"Vượt*",'Kế hoạch'!$X$6:$X$305,">="&(TDBC-30)) | L115: =COUNTIFS('Phản ánh'!$V$6:$V$505,"<>Đã xử lý",'Phản ánh'!$A$6:$A$505,"?*",'Phản ánh'!$U$6:$U$505,">="&TDBC,'Phản ánh'!$U$6:$U$505,"<="&(TDBC+2))+COUNTIFS('Kế hoạch'!$B$6:$B$305,"Đột xuất",'Kế hoạch'!$AO$6:$AO$305,1,'Kế hoạch'!$AY$6:$AY$305,">="&TDBC,'Kế hoạch'!$AY$6:$AY$305,"<="&(TDBC+2)) | V115: =IFERROR(IF(6<=$AQ$107,INDEX('Phản ánh'!$K$6:$K$505,MATCH(6,'Phản ánh'!$AN$6:$AN$505,0)),INDEX('Kế hoạch'!$N$6:$N$305,MATCH(6-$AQ$107,'Kế hoạch'!$BA$6:$BA$305,0))),"") | AC115: =IF($V115="","",COUNTIFS('Phản ánh'!$K$6:$K$505,$V115,'Phản ánh'!$V$6:$V$505,"<>Đã xử lý",'Phản ánh'!$A$6:$A$505,"?*")+COUNTIFS('Kế hoạch'!$N$6:$N$305,$V115,'Kế hoạch'!$A$6:$A$305,"?*",'Kế hoạch'!$B$6:$B$305,"Đột xuất",'Kế hoạch'!$AO$6:$AO$305,1)+COUNTIFS('Kế hoạch'!$N$6:$N$305,$V115,'Kế hoạch'!$A$6:$A$305,"?*",'Kế hoạch'!$B$6:$B$305,"Định kỳ",'Kế hoạch'!$AR$6:$AR$305,0,'Kế hoạch'!$AP$6:$AP$305,">0",'Kế hoạch'!$AP$6:$AP$305,"<="&(NgayBC+7))) | AE115: =IF($V115="","",COUNTIFS('Phản ánh'!$K$6:$K$505,$V115,'Phản ánh'!$A$6:$A$505,"?*",'Phản ánh'!$Y$6:$Y$505,"Quá hạn")+COUNTIFS('Kế hoạch'!$N$6:$N$305,$V115,'Kế hoạch'!$A$6:$A$305,"?*",'Kế hoạch'!$AD$6:$AD$305,"Quá hạn")) | AG115: =IF($V115="","",COUNTIFS('Phản ánh'!$K$6:$K$505,$V115,'Phản ánh'!$A$6:$A$505,"?*",'Phản ánh'!$AA$6:$AA$505,">="&(TDBC-30))+COUNTIFS('Kế hoạch'!$N$6:$N$305,$V115,'Kế hoạch'!$A$6:$A$305,"?*",'Kế hoạch'!$B$6:$B$305,"Đột xuất",'Kế hoạch'!$AA$6:$AA$305,"Hoàn thành",'Kế hoạch'!$X$6:$X$305,">="&(TDBC-30))+COUNTIFS('Nhật ký tiến độ'!$K$6:$K$3005,$V115,'Nhật ký tiến độ'!$E$6:$E$3005,"Hoàn thành kỳ",'Nhật ký tiến độ'!$B$6:$B$3005,">="&(TDBC-30))) | AI115: =IF(OR($V115="",$AR115=0),IF($V115="","","–"),IF(($AQ115/$AR115)<1,MAX(1,ROUND(($AQ115/$AR115)*60,0))&" phút",IF(ROUND(($AQ115/$AR115),0)<24,ROUND(($AQ115/$AR115),0)&" giờ",INT(ROUND(($AQ115/$AR115),0)/24)&" ngày"&IF(MOD(ROUND(($AQ115/$AR115),0),24)>0," "&MOD(ROUND(($AQ115/$AR115),0),24)&" giờ","")))) | AM115: =IF($V115="","",IF($AS115+$AT115=0,"–",$AS115/($AS115+$AT115))) | AQ115: =SUMIFS('Phản ánh'!$AI$6:$AI$505,'Phản ánh'!$K$6:$K$505,$V115,'Phản ánh'!$A$6:$A$505,"?*")+SUMIFS('Kế hoạch'!$AV$6:$AV$305,'Kế hoạch'!$N$6:$N$305,$V115,'Kế hoạch'!$A$6:$A$305,"?*",'Kế hoạch'!$B$6:$B$305,"Đột xuất") | AR115: =COUNTIFS('Phản ánh'!$K$6:$K$505,$V115,'Phản ánh'!$A$6:$A$505,"?*",'Phản ánh'!$AI$6:$AI$505,">=0")+COUNTIFS('Kế hoạch'!$N$6:$N$305,$V115,'Kế hoạch'!$A$6:$A$305,"?*",'Kế hoạch'!$B$6:$B$305,"Đột xuất",'Kế hoạch'!$AV$6:$AV$305,">=0") | AS115: =COUNTIFS('Phản ánh'!$K$6:$K$505,$V115,'Phản ánh'!$A$6:$A$505,"?*",'Phản ánh'!$AE$6:$AE$505,"Đúng hạn",'Phản ánh'!$AA$6:$AA$505,">="&(TDBC-30))+COUNTIFS('Kế hoạch'!$N$6:$N$305,$V115,'Kế hoạch'!$A$6:$A$305,"?*",'Kế hoạch'!$AH$6:$AH$305,"Đúng hạn",'Kế hoạch'!$X$6:$X$305,">="&(TDBC-30))+COUNTIFS('Nhật ký tiến độ'!$K$6:$K$3005,$V115,'Nhật ký tiến độ'!$E$6:$E$3005,"Hoàn thành kỳ",'Nhật ký tiến độ'!$M$6:$M$3005,"Đúng hạn",'Nhật ký tiến độ'!$B$6:$B$3005,">="&(TDBC-30)) | AT115: =COUNTIFS('Phản ánh'!$K$6:$K$505,$V115,'Phản ánh'!$A$6:$A$505,"?*",'Phản ánh'!$AE$6:$AE$505,"Trễ hạn",'Phản ánh'!$AA$6:$AA$505,">="&(TDBC-30))+COUNTIFS('Kế hoạch'!$N$6:$N$305,$V115,'Kế hoạch'!$A$6:$A$305,"?*",'Kế hoạch'!$AH$6:$AH$305,"Trễ hạn",'Kế hoạch'!$X$6:$X$305,">="&(TDBC-30))+COUNTIFS('Nhật ký tiến độ'!$K$6:$K$3005,$V115,'Nhật ký tiến độ'!$E$6:$E$3005,"Hoàn thành kỳ",'Nhật ký tiến độ'!$M$6:$M$3005,"Trễ hạn",'Nhật ký tiến độ'!$B$6:$B$3005,">="&(TDBC-30))
V116: =IFERROR(IF(7<=$AQ$107,INDEX('Phản ánh'!$K$6:$K$505,MATCH(7,'Phản ánh'!$AN$6:$AN$505,0)),INDEX('Kế hoạch'!$N$6:$N$305,MATCH(7-$AQ$107,'Kế hoạch'!$BA$6:$BA$305,0))),"") | AC116: =IF($V116="","",COUNTIFS('Phản ánh'!$K$6:$K$505,$V116,'Phản ánh'!$V$6:$V$505,"<>Đã xử lý",'Phản ánh'!$A$6:$A$505,"?*")+COUNTIFS('Kế hoạch'!$N$6:$N$305,$V116,'Kế hoạch'!$A$6:$A$305,"?*",'Kế hoạch'!$B$6:$B$305,"Đột xuất",'Kế hoạch'!$AO$6:$AO$305,1)+COUNTIFS('Kế hoạch'!$N$6:$N$305,$V116,'Kế hoạch'!$A$6:$A$305,"?*",'Kế hoạch'!$B$6:$B$305,"Định kỳ",'Kế hoạch'!$AR$6:$AR$305,0,'Kế hoạch'!$AP$6:$AP$305,">0",'Kế hoạch'!$AP$6:$AP$305,"<="&(NgayBC+7))) | AE116: =IF($V116="","",COUNTIFS('Phản ánh'!$K$6:$K$505,$V116,'Phản ánh'!$A$6:$A$505,"?*",'Phản ánh'!$Y$6:$Y$505,"Quá hạn")+COUNTIFS('Kế hoạch'!$N$6:$N$305,$V116,'Kế hoạch'!$A$6:$A$305,"?*",'Kế hoạch'!$AD$6:$AD$305,"Quá hạn")) | AG116: =IF($V116="","",COUNTIFS('Phản ánh'!$K$6:$K$505,$V116,'Phản ánh'!$A$6:$A$505,"?*",'Phản ánh'!$AA$6:$AA$505,">="&(TDBC-30))+COUNTIFS('Kế hoạch'!$N$6:$N$305,$V116,'Kế hoạch'!$A$6:$A$305,"?*",'Kế hoạch'!$B$6:$B$305,"Đột xuất",'Kế hoạch'!$AA$6:$AA$305,"Hoàn thành",'Kế hoạch'!$X$6:$X$305,">="&(TDBC-30))+COUNTIFS('Nhật ký tiến độ'!$K$6:$K$3005,$V116,'Nhật ký tiến độ'!$E$6:$E$3005,"Hoàn thành kỳ",'Nhật ký tiến độ'!$B$6:$B$3005,">="&(TDBC-30))) | AI116: =IF(OR($V116="",$AR116=0),IF($V116="","","–"),IF(($AQ116/$AR116)<1,MAX(1,ROUND(($AQ116/$AR116)*60,0))&" phút",IF(ROUND(($AQ116/$AR116),0)<24,ROUND(($AQ116/$AR116),0)&" giờ",INT(ROUND(($AQ116/$AR116),0)/24)&" ngày"&IF(MOD(ROUND(($AQ116/$AR116),0),24)>0," "&MOD(ROUND(($AQ116/$AR116),0),24)&" giờ","")))) | AM116: =IF($V116="","",IF($AS116+$AT116=0,"–",$AS116/($AS116+$AT116))) | AQ116: =SUMIFS('Phản ánh'!$AI$6:$AI$505,'Phản ánh'!$K$6:$K$505,$V116,'Phản ánh'!$A$6:$A$505,"?*")+SUMIFS('Kế hoạch'!$AV$6:$AV$305,'Kế hoạch'!$N$6:$N$305,$V116,'Kế hoạch'!$A$6:$A$305,"?*",'Kế hoạch'!$B$6:$B$305,"Đột xuất") | AR116: =COUNTIFS('Phản ánh'!$K$6:$K$505,$V116,'Phản ánh'!$A$6:$A$505,"?*",'Phản ánh'!$AI$6:$AI$505,">=0")+COUNTIFS('Kế hoạch'!$N$6:$N$305,$V116,'Kế hoạch'!$A$6:$A$305,"?*",'Kế hoạch'!$B$6:$B$305,"Đột xuất",'Kế hoạch'!$AV$6:$AV$305,">=0") | AS116: =COUNTIFS('Phản ánh'!$K$6:$K$505,$V116,'Phản ánh'!$A$6:$A$505,"?*",'Phản ánh'!$AE$6:$AE$505,"Đúng hạn",'Phản ánh'!$AA$6:$AA$505,">="&(TDBC-30))+COUNTIFS('Kế hoạch'!$N$6:$N$305,$V116,'Kế hoạch'!$A$6:$A$305,"?*",'Kế hoạch'!$AH$6:$AH$305,"Đúng hạn",'Kế hoạch'!$X$6:$X$305,">="&(TDBC-30))+COUNTIFS('Nhật ký tiến độ'!$K$6:$K$3005,$V116,'Nhật ký tiến độ'!$E$6:$E$3005,"Hoàn thành kỳ",'Nhật ký tiến độ'!$M$6:$M$3005,"Đúng hạn",'Nhật ký tiến độ'!$B$6:$B$3005,">="&(TDBC-30)) | AT116: =COUNTIFS('Phản ánh'!$K$6:$K$505,$V116,'Phản ánh'!$A$6:$A$505,"?*",'Phản ánh'!$AE$6:$AE$505,"Trễ hạn",'Phản ánh'!$AA$6:$AA$505,">="&(TDBC-30))+COUNTIFS('Kế hoạch'!$N$6:$N$305,$V116,'Kế hoạch'!$A$6:$A$305,"?*",'Kế hoạch'!$AH$6:$AH$305,"Trễ hạn",'Kế hoạch'!$X$6:$X$305,">="&(TDBC-30))+COUNTIFS('Nhật ký tiến độ'!$K$6:$K$3005,$V116,'Nhật ký tiến độ'!$E$6:$E$3005,"Hoàn thành kỳ",'Nhật ký tiến độ'!$M$6:$M$3005,"Trễ hạn",'Nhật ký tiến độ'!$B$6:$B$3005,">="&(TDBC-30))
B117: ="trên "&$AT$109&" đầu việc xong có ước tính" | L117: phản ánh và việc đột xuất chưa xong | V117: =IFERROR(IF(8<=$AQ$107,INDEX('Phản ánh'!$K$6:$K$505,MATCH(8,'Phản ánh'!$AN$6:$AN$505,0)),INDEX('Kế hoạch'!$N$6:$N$305,MATCH(8-$AQ$107,'Kế hoạch'!$BA$6:$BA$305,0))),"") | AC117: =IF($V117="","",COUNTIFS('Phản ánh'!$K$6:$K$505,$V117,'Phản ánh'!$V$6:$V$505,"<>Đã xử lý",'Phản ánh'!$A$6:$A$505,"?*")+COUNTIFS('Kế hoạch'!$N$6:$N$305,$V117,'Kế hoạch'!$A$6:$A$305,"?*",'Kế hoạch'!$B$6:$B$305,"Đột xuất",'Kế hoạch'!$AO$6:$AO$305,1)+COUNTIFS('Kế hoạch'!$N$6:$N$305,$V117,'Kế hoạch'!$A$6:$A$305,"?*",'Kế hoạch'!$B$6:$B$305,"Định kỳ",'Kế hoạch'!$AR$6:$AR$305,0,'Kế hoạch'!$AP$6:$AP$305,">0",'Kế hoạch'!$AP$6:$AP$305,"<="&(NgayBC+7))) | AE117: =IF($V117="","",COUNTIFS('Phản ánh'!$K$6:$K$505,$V117,'Phản ánh'!$A$6:$A$505,"?*",'Phản ánh'!$Y$6:$Y$505,"Quá hạn")+COUNTIFS('Kế hoạch'!$N$6:$N$305,$V117,'Kế hoạch'!$A$6:$A$305,"?*",'Kế hoạch'!$AD$6:$AD$305,"Quá hạn")) | AG117: =IF($V117="","",COUNTIFS('Phản ánh'!$K$6:$K$505,$V117,'Phản ánh'!$A$6:$A$505,"?*",'Phản ánh'!$AA$6:$AA$505,">="&(TDBC-30))+COUNTIFS('Kế hoạch'!$N$6:$N$305,$V117,'Kế hoạch'!$A$6:$A$305,"?*",'Kế hoạch'!$B$6:$B$305,"Đột xuất",'Kế hoạch'!$AA$6:$AA$305,"Hoàn thành",'Kế hoạch'!$X$6:$X$305,">="&(TDBC-30))+COUNTIFS('Nhật ký tiến độ'!$K$6:$K$3005,$V117,'Nhật ký tiến độ'!$E$6:$E$3005,"Hoàn thành kỳ",'Nhật ký tiến độ'!$B$6:$B$3005,">="&(TDBC-30))) | AI117: =IF(OR($V117="",$AR117=0),IF($V117="","","–"),IF(($AQ117/$AR117)<1,MAX(1,ROUND(($AQ117/$AR117)*60,0))&" phút",IF(ROUND(($AQ117/$AR117),0)<24,ROUND(($AQ117/$AR117),0)&" giờ",INT(ROUND(($AQ117/$AR117),0)/24)&" ngày"&IF(MOD(ROUND(($AQ117/$AR117),0),24)>0," "&MOD(ROUND(($AQ117/$AR117),0),24)&" giờ","")))) | AM117: =IF($V117="","",IF($AS117+$AT117=0,"–",$AS117/($AS117+$AT117))) | AQ117: =SUMIFS('Phản ánh'!$AI$6:$AI$505,'Phản ánh'!$K$6:$K$505,$V117,'Phản ánh'!$A$6:$A$505,"?*")+SUMIFS('Kế hoạch'!$AV$6:$AV$305,'Kế hoạch'!$N$6:$N$305,$V117,'Kế hoạch'!$A$6:$A$305,"?*",'Kế hoạch'!$B$6:$B$305,"Đột xuất") | AR117: =COUNTIFS('Phản ánh'!$K$6:$K$505,$V117,'Phản ánh'!$A$6:$A$505,"?*",'Phản ánh'!$AI$6:$AI$505,">=0")+COUNTIFS('Kế hoạch'!$N$6:$N$305,$V117,'Kế hoạch'!$A$6:$A$305,"?*",'Kế hoạch'!$B$6:$B$305,"Đột xuất",'Kế hoạch'!$AV$6:$AV$305,">=0") | AS117: =COUNTIFS('Phản ánh'!$K$6:$K$505,$V117,'Phản ánh'!$A$6:$A$505,"?*",'Phản ánh'!$AE$6:$AE$505,"Đúng hạn",'Phản ánh'!$AA$6:$AA$505,">="&(TDBC-30))+COUNTIFS('Kế hoạch'!$N$6:$N$305,$V117,'Kế hoạch'!$A$6:$A$305,"?*",'Kế hoạch'!$AH$6:$AH$305,"Đúng hạn",'Kế hoạch'!$X$6:$X$305,">="&(TDBC-30))+COUNTIFS('Nhật ký tiến độ'!$K$6:$K$3005,$V117,'Nhật ký tiến độ'!$E$6:$E$3005,"Hoàn thành kỳ",'Nhật ký tiến độ'!$M$6:$M$3005,"Đúng hạn",'Nhật ký tiến độ'!$B$6:$B$3005,">="&(TDBC-30)) | AT117: =COUNTIFS('Phản ánh'!$K$6:$K$505,$V117,'Phản ánh'!$A$6:$A$505,"?*",'Phản ánh'!$AE$6:$AE$505,"Trễ hạn",'Phản ánh'!$AA$6:$AA$505,">="&(TDBC-30))+COUNTIFS('Kế hoạch'!$N$6:$N$305,$V117,'Kế hoạch'!$A$6:$A$305,"?*",'Kế hoạch'!$AH$6:$AH$305,"Trễ hạn",'Kế hoạch'!$X$6:$X$305,">="&(TDBC-30))+COUNTIFS('Nhật ký tiến độ'!$K$6:$K$3005,$V117,'Nhật ký tiến độ'!$E$6:$E$3005,"Hoàn thành kỳ",'Nhật ký tiến độ'!$M$6:$M$3005,"Trễ hạn",'Nhật ký tiến độ'!$B$6:$B$3005,">="&(TDBC-30))
V118: =IFERROR(IF(9<=$AQ$107,INDEX('Phản ánh'!$K$6:$K$505,MATCH(9,'Phản ánh'!$AN$6:$AN$505,0)),INDEX('Kế hoạch'!$N$6:$N$305,MATCH(9-$AQ$107,'Kế hoạch'!$BA$6:$BA$305,0))),"") | AC118: =IF($V118="","",COUNTIFS('Phản ánh'!$K$6:$K$505,$V118,'Phản ánh'!$V$6:$V$505,"<>Đã xử lý",'Phản ánh'!$A$6:$A$505,"?*")+COUNTIFS('Kế hoạch'!$N$6:$N$305,$V118,'Kế hoạch'!$A$6:$A$305,"?*",'Kế hoạch'!$B$6:$B$305,"Đột xuất",'Kế hoạch'!$AO$6:$AO$305,1)+COUNTIFS('Kế hoạch'!$N$6:$N$305,$V118,'Kế hoạch'!$A$6:$A$305,"?*",'Kế hoạch'!$B$6:$B$305,"Định kỳ",'Kế hoạch'!$AR$6:$AR$305,0,'Kế hoạch'!$AP$6:$AP$305,">0",'Kế hoạch'!$AP$6:$AP$305,"<="&(NgayBC+7))) | AE118: =IF($V118="","",COUNTIFS('Phản ánh'!$K$6:$K$505,$V118,'Phản ánh'!$A$6:$A$505,"?*",'Phản ánh'!$Y$6:$Y$505,"Quá hạn")+COUNTIFS('Kế hoạch'!$N$6:$N$305,$V118,'Kế hoạch'!$A$6:$A$305,"?*",'Kế hoạch'!$AD$6:$AD$305,"Quá hạn")) | AG118: =IF($V118="","",COUNTIFS('Phản ánh'!$K$6:$K$505,$V118,'Phản ánh'!$A$6:$A$505,"?*",'Phản ánh'!$AA$6:$AA$505,">="&(TDBC-30))+COUNTIFS('Kế hoạch'!$N$6:$N$305,$V118,'Kế hoạch'!$A$6:$A$305,"?*",'Kế hoạch'!$B$6:$B$305,"Đột xuất",'Kế hoạch'!$AA$6:$AA$305,"Hoàn thành",'Kế hoạch'!$X$6:$X$305,">="&(TDBC-30))+COUNTIFS('Nhật ký tiến độ'!$K$6:$K$3005,$V118,'Nhật ký tiến độ'!$E$6:$E$3005,"Hoàn thành kỳ",'Nhật ký tiến độ'!$B$6:$B$3005,">="&(TDBC-30))) | AI118: =IF(OR($V118="",$AR118=0),IF($V118="","","–"),IF(($AQ118/$AR118)<1,MAX(1,ROUND(($AQ118/$AR118)*60,0))&" phút",IF(ROUND(($AQ118/$AR118),0)<24,ROUND(($AQ118/$AR118),0)&" giờ",INT(ROUND(($AQ118/$AR118),0)/24)&" ngày"&IF(MOD(ROUND(($AQ118/$AR118),0),24)>0," "&MOD(ROUND(($AQ118/$AR118),0),24)&" giờ","")))) | AM118: =IF($V118="","",IF($AS118+$AT118=0,"–",$AS118/($AS118+$AT118))) | AQ118: =SUMIFS('Phản ánh'!$AI$6:$AI$505,'Phản ánh'!$K$6:$K$505,$V118,'Phản ánh'!$A$6:$A$505,"?*")+SUMIFS('Kế hoạch'!$AV$6:$AV$305,'Kế hoạch'!$N$6:$N$305,$V118,'Kế hoạch'!$A$6:$A$305,"?*",'Kế hoạch'!$B$6:$B$305,"Đột xuất") | AR118: =COUNTIFS('Phản ánh'!$K$6:$K$505,$V118,'Phản ánh'!$A$6:$A$505,"?*",'Phản ánh'!$AI$6:$AI$505,">=0")+COUNTIFS('Kế hoạch'!$N$6:$N$305,$V118,'Kế hoạch'!$A$6:$A$305,"?*",'Kế hoạch'!$B$6:$B$305,"Đột xuất",'Kế hoạch'!$AV$6:$AV$305,">=0") | AS118: =COUNTIFS('Phản ánh'!$K$6:$K$505,$V118,'Phản ánh'!$A$6:$A$505,"?*",'Phản ánh'!$AE$6:$AE$505,"Đúng hạn",'Phản ánh'!$AA$6:$AA$505,">="&(TDBC-30))+COUNTIFS('Kế hoạch'!$N$6:$N$305,$V118,'Kế hoạch'!$A$6:$A$305,"?*",'Kế hoạch'!$AH$6:$AH$305,"Đúng hạn",'Kế hoạch'!$X$6:$X$305,">="&(TDBC-30))+COUNTIFS('Nhật ký tiến độ'!$K$6:$K$3005,$V118,'Nhật ký tiến độ'!$E$6:$E$3005,"Hoàn thành kỳ",'Nhật ký tiến độ'!$M$6:$M$3005,"Đúng hạn",'Nhật ký tiến độ'!$B$6:$B$3005,">="&(TDBC-30)) | AT118: =COUNTIFS('Phản ánh'!$K$6:$K$505,$V118,'Phản ánh'!$A$6:$A$505,"?*",'Phản ánh'!$AE$6:$AE$505,"Trễ hạn",'Phản ánh'!$AA$6:$AA$505,">="&(TDBC-30))+COUNTIFS('Kế hoạch'!$N$6:$N$305,$V118,'Kế hoạch'!$A$6:$A$305,"?*",'Kế hoạch'!$AH$6:$AH$305,"Trễ hạn",'Kế hoạch'!$X$6:$X$305,">="&(TDBC-30))+COUNTIFS('Nhật ký tiến độ'!$K$6:$K$3005,$V118,'Nhật ký tiến độ'!$E$6:$E$3005,"Hoàn thành kỳ",'Nhật ký tiến độ'!$M$6:$M$3005,"Trễ hạn",'Nhật ký tiến độ'!$B$6:$B$3005,">="&(TDBC-30))
B119: CHI PHÍ VIỆC ĐỘT XUẤT (ĐỒNG) | V119: =IFERROR(IF(10<=$AQ$107,INDEX('Phản ánh'!$K$6:$K$505,MATCH(10,'Phản ánh'!$AN$6:$AN$505,0)),INDEX('Kế hoạch'!$N$6:$N$305,MATCH(10-$AQ$107,'Kế hoạch'!$BA$6:$BA$305,0))),"") | AC119: =IF($V119="","",COUNTIFS('Phản ánh'!$K$6:$K$505,$V119,'Phản ánh'!$V$6:$V$505,"<>Đã xử lý",'Phản ánh'!$A$6:$A$505,"?*")+COUNTIFS('Kế hoạch'!$N$6:$N$305,$V119,'Kế hoạch'!$A$6:$A$305,"?*",'Kế hoạch'!$B$6:$B$305,"Đột xuất",'Kế hoạch'!$AO$6:$AO$305,1)+COUNTIFS('Kế hoạch'!$N$6:$N$305,$V119,'Kế hoạch'!$A$6:$A$305,"?*",'Kế hoạch'!$B$6:$B$305,"Định kỳ",'Kế hoạch'!$AR$6:$AR$305,0,'Kế hoạch'!$AP$6:$AP$305,">0",'Kế hoạch'!$AP$6:$AP$305,"<="&(NgayBC+7))) | AE119: =IF($V119="","",COUNTIFS('Phản ánh'!$K$6:$K$505,$V119,'Phản ánh'!$A$6:$A$505,"?*",'Phản ánh'!$Y$6:$Y$505,"Quá hạn")+COUNTIFS('Kế hoạch'!$N$6:$N$305,$V119,'Kế hoạch'!$A$6:$A$305,"?*",'Kế hoạch'!$AD$6:$AD$305,"Quá hạn")) | AG119: =IF($V119="","",COUNTIFS('Phản ánh'!$K$6:$K$505,$V119,'Phản ánh'!$A$6:$A$505,"?*",'Phản ánh'!$AA$6:$AA$505,">="&(TDBC-30))+COUNTIFS('Kế hoạch'!$N$6:$N$305,$V119,'Kế hoạch'!$A$6:$A$305,"?*",'Kế hoạch'!$B$6:$B$305,"Đột xuất",'Kế hoạch'!$AA$6:$AA$305,"Hoàn thành",'Kế hoạch'!$X$6:$X$305,">="&(TDBC-30))+COUNTIFS('Nhật ký tiến độ'!$K$6:$K$3005,$V119,'Nhật ký tiến độ'!$E$6:$E$3005,"Hoàn thành kỳ",'Nhật ký tiến độ'!$B$6:$B$3005,">="&(TDBC-30))) | AI119: =IF(OR($V119="",$AR119=0),IF($V119="","","–"),IF(($AQ119/$AR119)<1,MAX(1,ROUND(($AQ119/$AR119)*60,0))&" phút",IF(ROUND(($AQ119/$AR119),0)<24,ROUND(($AQ119/$AR119),0)&" giờ",INT(ROUND(($AQ119/$AR119),0)/24)&" ngày"&IF(MOD(ROUND(($AQ119/$AR119),0),24)>0," "&MOD(ROUND(($AQ119/$AR119),0),24)&" giờ","")))) | AM119: =IF($V119="","",IF($AS119+$AT119=0,"–",$AS119/($AS119+$AT119))) | AQ119: =SUMIFS('Phản ánh'!$AI$6:$AI$505,'Phản ánh'!$K$6:$K$505,$V119,'Phản ánh'!$A$6:$A$505,"?*")+SUMIFS('Kế hoạch'!$AV$6:$AV$305,'Kế hoạch'!$N$6:$N$305,$V119,'Kế hoạch'!$A$6:$A$305,"?*",'Kế hoạch'!$B$6:$B$305,"Đột xuất") | AR119: =COUNTIFS('Phản ánh'!$K$6:$K$505,$V119,'Phản ánh'!$A$6:$A$505,"?*",'Phản ánh'!$AI$6:$AI$505,">=0")+COUNTIFS('Kế hoạch'!$N$6:$N$305,$V119,'Kế hoạch'!$A$6:$A$305,"?*",'Kế hoạch'!$B$6:$B$305,"Đột xuất",'Kế hoạch'!$AV$6:$AV$305,">=0") | AS119: =COUNTIFS('Phản ánh'!$K$6:$K$505,$V119,'Phản ánh'!$A$6:$A$505,"?*",'Phản ánh'!$AE$6:$AE$505,"Đúng hạn",'Phản ánh'!$AA$6:$AA$505,">="&(TDBC-30))+COUNTIFS('Kế hoạch'!$N$6:$N$305,$V119,'Kế hoạch'!$A$6:$A$305,"?*",'Kế hoạch'!$AH$6:$AH$305,"Đúng hạn",'Kế hoạch'!$X$6:$X$305,">="&(TDBC-30))+COUNTIFS('Nhật ký tiến độ'!$K$6:$K$3005,$V119,'Nhật ký tiến độ'!$E$6:$E$3005,"Hoàn thành kỳ",'Nhật ký tiến độ'!$M$6:$M$3005,"Đúng hạn",'Nhật ký tiến độ'!$B$6:$B$3005,">="&(TDBC-30)) | AT119: =COUNTIFS('Phản ánh'!$K$6:$K$505,$V119,'Phản ánh'!$A$6:$A$505,"?*",'Phản ánh'!$AE$6:$AE$505,"Trễ hạn",'Phản ánh'!$AA$6:$AA$505,">="&(TDBC-30))+COUNTIFS('Kế hoạch'!$N$6:$N$305,$V119,'Kế hoạch'!$A$6:$A$305,"?*",'Kế hoạch'!$AH$6:$AH$305,"Trễ hạn",'Kế hoạch'!$X$6:$X$305,">="&(TDBC-30))+COUNTIFS('Nhật ký tiến độ'!$K$6:$K$3005,$V119,'Nhật ký tiến độ'!$E$6:$E$3005,"Hoàn thành kỳ",'Nhật ký tiến độ'!$M$6:$M$3005,"Trễ hạn",'Nhật ký tiến độ'!$B$6:$B$3005,">="&(TDBC-30))
B120: Dự toán các việc đang mở | H120: Chi phí thực tế 30 ngày | O120: Chi phí thực tế từ đầu năm | V120: =IFERROR(IF(11<=$AQ$107,INDEX('Phản ánh'!$K$6:$K$505,MATCH(11,'Phản ánh'!$AN$6:$AN$505,0)),INDEX('Kế hoạch'!$N$6:$N$305,MATCH(11-$AQ$107,'Kế hoạch'!$BA$6:$BA$305,0))),"") | AC120: =IF($V120="","",COUNTIFS('Phản ánh'!$K$6:$K$505,$V120,'Phản ánh'!$V$6:$V$505,"<>Đã xử lý",'Phản ánh'!$A$6:$A$505,"?*")+COUNTIFS('Kế hoạch'!$N$6:$N$305,$V120,'Kế hoạch'!$A$6:$A$305,"?*",'Kế hoạch'!$B$6:$B$305,"Đột xuất",'Kế hoạch'!$AO$6:$AO$305,1)+COUNTIFS('Kế hoạch'!$N$6:$N$305,$V120,'Kế hoạch'!$A$6:$A$305,"?*",'Kế hoạch'!$B$6:$B$305,"Định kỳ",'Kế hoạch'!$AR$6:$AR$305,0,'Kế hoạch'!$AP$6:$AP$305,">0",'Kế hoạch'!$AP$6:$AP$305,"<="&(NgayBC+7))) | AE120: =IF($V120="","",COUNTIFS('Phản ánh'!$K$6:$K$505,$V120,'Phản ánh'!$A$6:$A$505,"?*",'Phản ánh'!$Y$6:$Y$505,"Quá hạn")+COUNTIFS('Kế hoạch'!$N$6:$N$305,$V120,'Kế hoạch'!$A$6:$A$305,"?*",'Kế hoạch'!$AD$6:$AD$305,"Quá hạn")) | AG120: =IF($V120="","",COUNTIFS('Phản ánh'!$K$6:$K$505,$V120,'Phản ánh'!$A$6:$A$505,"?*",'Phản ánh'!$AA$6:$AA$505,">="&(TDBC-30))+COUNTIFS('Kế hoạch'!$N$6:$N$305,$V120,'Kế hoạch'!$A$6:$A$305,"?*",'Kế hoạch'!$B$6:$B$305,"Đột xuất",'Kế hoạch'!$AA$6:$AA$305,"Hoàn thành",'Kế hoạch'!$X$6:$X$305,">="&(TDBC-30))+COUNTIFS('Nhật ký tiến độ'!$K$6:$K$3005,$V120,'Nhật ký tiến độ'!$E$6:$E$3005,"Hoàn thành kỳ",'Nhật ký tiến độ'!$B$6:$B$3005,">="&(TDBC-30))) | AI120: =IF(OR($V120="",$AR120=0),IF($V120="","","–"),IF(($AQ120/$AR120)<1,MAX(1,ROUND(($AQ120/$AR120)*60,0))&" phút",IF(ROUND(($AQ120/$AR120),0)<24,ROUND(($AQ120/$AR120),0)&" giờ",INT(ROUND(($AQ120/$AR120),0)/24)&" ngày"&IF(MOD(ROUND(($AQ120/$AR120),0),24)>0," "&MOD(ROUND(($AQ120/$AR120),0),24)&" giờ","")))) | AM120: =IF($V120="","",IF($AS120+$AT120=0,"–",$AS120/($AS120+$AT120))) | AQ120: =SUMIFS('Phản ánh'!$AI$6:$AI$505,'Phản ánh'!$K$6:$K$505,$V120,'Phản ánh'!$A$6:$A$505,"?*")+SUMIFS('Kế hoạch'!$AV$6:$AV$305,'Kế hoạch'!$N$6:$N$305,$V120,'Kế hoạch'!$A$6:$A$305,"?*",'Kế hoạch'!$B$6:$B$305,"Đột xuất") | AR120: =COUNTIFS('Phản ánh'!$K$6:$K$505,$V120,'Phản ánh'!$A$6:$A$505,"?*",'Phản ánh'!$AI$6:$AI$505,">=0")+COUNTIFS('Kế hoạch'!$N$6:$N$305,$V120,'Kế hoạch'!$A$6:$A$305,"?*",'Kế hoạch'!$B$6:$B$305,"Đột xuất",'Kế hoạch'!$AV$6:$AV$305,">=0") | AS120: =COUNTIFS('Phản ánh'!$K$6:$K$505,$V120,'Phản ánh'!$A$6:$A$505,"?*",'Phản ánh'!$AE$6:$AE$505,"Đúng hạn",'Phản ánh'!$AA$6:$AA$505,">="&(TDBC-30))+COUNTIFS('Kế hoạch'!$N$6:$N$305,$V120,'Kế hoạch'!$A$6:$A$305,"?*",'Kế hoạch'!$AH$6:$AH$305,"Đúng hạn",'Kế hoạch'!$X$6:$X$305,">="&(TDBC-30))+COUNTIFS('Nhật ký tiến độ'!$K$6:$K$3005,$V120,'Nhật ký tiến độ'!$E$6:$E$3005,"Hoàn thành kỳ",'Nhật ký tiến độ'!$M$6:$M$3005,"Đúng hạn",'Nhật ký tiến độ'!$B$6:$B$3005,">="&(TDBC-30)) | AT120: =COUNTIFS('Phản ánh'!$K$6:$K$505,$V120,'Phản ánh'!$A$6:$A$505,"?*",'Phản ánh'!$AE$6:$AE$505,"Trễ hạn",'Phản ánh'!$AA$6:$AA$505,">="&(TDBC-30))+COUNTIFS('Kế hoạch'!$N$6:$N$305,$V120,'Kế hoạch'!$A$6:$A$305,"?*",'Kế hoạch'!$AH$6:$AH$305,"Trễ hạn",'Kế hoạch'!$X$6:$X$305,">="&(TDBC-30))+COUNTIFS('Nhật ký tiến độ'!$K$6:$K$3005,$V120,'Nhật ký tiến độ'!$E$6:$E$3005,"Hoàn thành kỳ",'Nhật ký tiến độ'!$M$6:$M$3005,"Trễ hạn",'Nhật ký tiến độ'!$B$6:$B$3005,">="&(TDBC-30))
B121: =SUMIFS('Kế hoạch'!$T$6:$T$305,'Kế hoạch'!$B$6:$B$305,"Đột xuất",'Kế hoạch'!$AO$6:$AO$305,1) | H121: =SUMIFS('Kế hoạch'!$U$6:$U$305,'Kế hoạch'!$B$6:$B$305,"Đột xuất",'Kế hoạch'!$X$6:$X$305,">="&(TDBC-30)) | O121: =SUMIFS('Kế hoạch'!$U$6:$U$305,'Kế hoạch'!$B$6:$B$305,"Đột xuất",'Kế hoạch'!$X$6:$X$305,">="&DATE(YEAR(NgayBC),1,1)) | V121: =IFERROR(IF(12<=$AQ$107,INDEX('Phản ánh'!$K$6:$K$505,MATCH(12,'Phản ánh'!$AN$6:$AN$505,0)),INDEX('Kế hoạch'!$N$6:$N$305,MATCH(12-$AQ$107,'Kế hoạch'!$BA$6:$BA$305,0))),"") | AC121: =IF($V121="","",COUNTIFS('Phản ánh'!$K$6:$K$505,$V121,'Phản ánh'!$V$6:$V$505,"<>Đã xử lý",'Phản ánh'!$A$6:$A$505,"?*")+COUNTIFS('Kế hoạch'!$N$6:$N$305,$V121,'Kế hoạch'!$A$6:$A$305,"?*",'Kế hoạch'!$B$6:$B$305,"Đột xuất",'Kế hoạch'!$AO$6:$AO$305,1)+COUNTIFS('Kế hoạch'!$N$6:$N$305,$V121,'Kế hoạch'!$A$6:$A$305,"?*",'Kế hoạch'!$B$6:$B$305,"Định kỳ",'Kế hoạch'!$AR$6:$AR$305,0,'Kế hoạch'!$AP$6:$AP$305,">0",'Kế hoạch'!$AP$6:$AP$305,"<="&(NgayBC+7))) | AE121: =IF($V121="","",COUNTIFS('Phản ánh'!$K$6:$K$505,$V121,'Phản ánh'!$A$6:$A$505,"?*",'Phản ánh'!$Y$6:$Y$505,"Quá hạn")+COUNTIFS('Kế hoạch'!$N$6:$N$305,$V121,'Kế hoạch'!$A$6:$A$305,"?*",'Kế hoạch'!$AD$6:$AD$305,"Quá hạn")) | AG121: =IF($V121="","",COUNTIFS('Phản ánh'!$K$6:$K$505,$V121,'Phản ánh'!$A$6:$A$505,"?*",'Phản ánh'!$AA$6:$AA$505,">="&(TDBC-30))+COUNTIFS('Kế hoạch'!$N$6:$N$305,$V121,'Kế hoạch'!$A$6:$A$305,"?*",'Kế hoạch'!$B$6:$B$305,"Đột xuất",'Kế hoạch'!$AA$6:$AA$305,"Hoàn thành",'Kế hoạch'!$X$6:$X$305,">="&(TDBC-30))+COUNTIFS('Nhật ký tiến độ'!$K$6:$K$3005,$V121,'Nhật ký tiến độ'!$E$6:$E$3005,"Hoàn thành kỳ",'Nhật ký tiến độ'!$B$6:$B$3005,">="&(TDBC-30))) | AI121: =IF(OR($V121="",$AR121=0),IF($V121="","","–"),IF(($AQ121/$AR121)<1,MAX(1,ROUND(($AQ121/$AR121)*60,0))&" phút",IF(ROUND(($AQ121/$AR121),0)<24,ROUND(($AQ121/$AR121),0)&" giờ",INT(ROUND(($AQ121/$AR121),0)/24)&" ngày"&IF(MOD(ROUND(($AQ121/$AR121),0),24)>0," "&MOD(ROUND(($AQ121/$AR121),0),24)&" giờ","")))) | AM121: =IF($V121="","",IF($AS121+$AT121=0,"–",$AS121/($AS121+$AT121))) | AQ121: =SUMIFS('Phản ánh'!$AI$6:$AI$505,'Phản ánh'!$K$6:$K$505,$V121,'Phản ánh'!$A$6:$A$505,"?*")+SUMIFS('Kế hoạch'!$AV$6:$AV$305,'Kế hoạch'!$N$6:$N$305,$V121,'Kế hoạch'!$A$6:$A$305,"?*",'Kế hoạch'!$B$6:$B$305,"Đột xuất") | AR121: =COUNTIFS('Phản ánh'!$K$6:$K$505,$V121,'Phản ánh'!$A$6:$A$505,"?*",'Phản ánh'!$AI$6:$AI$505,">=0")+COUNTIFS('Kế hoạch'!$N$6:$N$305,$V121,'Kế hoạch'!$A$6:$A$305,"?*",'Kế hoạch'!$B$6:$B$305,"Đột xuất",'Kế hoạch'!$AV$6:$AV$305,">=0") | AS121: =COUNTIFS('Phản ánh'!$K$6:$K$505,$V121,'Phản ánh'!$A$6:$A$505,"?*",'Phản ánh'!$AE$6:$AE$505,"Đúng hạn",'Phản ánh'!$AA$6:$AA$505,">="&(TDBC-30))+COUNTIFS('Kế hoạch'!$N$6:$N$305,$V121,'Kế hoạch'!$A$6:$A$305,"?*",'Kế hoạch'!$AH$6:$AH$305,"Đúng hạn",'Kế hoạch'!$X$6:$X$305,">="&(TDBC-30))+COUNTIFS('Nhật ký tiến độ'!$K$6:$K$3005,$V121,'Nhật ký tiến độ'!$E$6:$E$3005,"Hoàn thành kỳ",'Nhật ký tiến độ'!$M$6:$M$3005,"Đúng hạn",'Nhật ký tiến độ'!$B$6:$B$3005,">="&(TDBC-30)) | AT121: =COUNTIFS('Phản ánh'!$K$6:$K$505,$V121,'Phản ánh'!$A$6:$A$505,"?*",'Phản ánh'!$AE$6:$AE$505,"Trễ hạn",'Phản ánh'!$AA$6:$AA$505,">="&(TDBC-30))+COUNTIFS('Kế hoạch'!$N$6:$N$305,$V121,'Kế hoạch'!$A$6:$A$305,"?*",'Kế hoạch'!$AH$6:$AH$305,"Trễ hạn",'Kế hoạch'!$X$6:$X$305,">="&(TDBC-30))+COUNTIFS('Nhật ký tiến độ'!$K$6:$K$3005,$V121,'Nhật ký tiến độ'!$E$6:$E$3005,"Hoàn thành kỳ",'Nhật ký tiến độ'!$M$6:$M$3005,"Trễ hạn",'Nhật ký tiến độ'!$B$6:$B$3005,">="&(TDBC-30))
B122: ="Số việc có chi phí thực tế vượt dự toán: "&SUMPRODUCT(ISNUMBER('Kế hoạch'!$U$6:$U$305)*ISNUMBER('Kế hoạch'!$T$6:$T$305)*(IFERROR('Kế hoạch'!$U$6:$U$305-'Kế hoạch'!$T$6:$T$305,0)>0)) | V122: Chưa phân công | AC122: =IF(FALSE,"",COUNTIFS('Phản ánh'!$K$6:$K$505,"",'Phản ánh'!$V$6:$V$505,"<>Đã xử lý",'Phản ánh'!$A$6:$A$505,"?*")+COUNTIFS('Kế hoạch'!$N$6:$N$305,"",'Kế hoạch'!$A$6:$A$305,"?*",'Kế hoạch'!$B$6:$B$305,"Đột xuất",'Kế hoạch'!$AO$6:$AO$305,1)+COUNTIFS('Kế hoạch'!$N$6:$N$305,"",'Kế hoạch'!$A$6:$A$305,"?*",'Kế hoạch'!$B$6:$B$305,"Định kỳ",'Kế hoạch'!$AR$6:$AR$305,0,'Kế hoạch'!$AP$6:$AP$305,">0",'Kế hoạch'!$AP$6:$AP$305,"<="&(NgayBC+7))) | AE122: =IF(FALSE,"",COUNTIFS('Phản ánh'!$K$6:$K$505,"",'Phản ánh'!$A$6:$A$505,"?*",'Phản ánh'!$Y$6:$Y$505,"Quá hạn")+COUNTIFS('Kế hoạch'!$N$6:$N$305,"",'Kế hoạch'!$A$6:$A$305,"?*",'Kế hoạch'!$AD$6:$AD$305,"Quá hạn")) | AG122: =IF(FALSE,"",COUNTIFS('Phản ánh'!$K$6:$K$505,"",'Phản ánh'!$A$6:$A$505,"?*",'Phản ánh'!$AA$6:$AA$505,">="&(TDBC-30))+COUNTIFS('Kế hoạch'!$N$6:$N$305,"",'Kế hoạch'!$A$6:$A$305,"?*",'Kế hoạch'!$B$6:$B$305,"Đột xuất",'Kế hoạch'!$AA$6:$AA$305,"Hoàn thành",'Kế hoạch'!$X$6:$X$305,">="&(TDBC-30))+COUNTIFS('Nhật ký tiến độ'!$K$6:$K$3005,"",'Nhật ký tiến độ'!$E$6:$E$3005,"Hoàn thành kỳ",'Nhật ký tiến độ'!$B$6:$B$3005,">="&(TDBC-30))) | AI122: =IF(OR(FALSE,$AR122=0),IF(FALSE,"","–"),IF(($AQ122/$AR122)<1,MAX(1,ROUND(($AQ122/$AR122)*60,0))&" phút",IF(ROUND(($AQ122/$AR122),0)<24,ROUND(($AQ122/$AR122),0)&" giờ",INT(ROUND(($AQ122/$AR122),0)/24)&" ngày"&IF(MOD(ROUND(($AQ122/$AR122),0),24)>0," "&MOD(ROUND(($AQ122/$AR122),0),24)&" giờ","")))) | AM122: =IF(FALSE,"",IF($AS122+$AT122=0,"–",$AS122/($AS122+$AT122))) | AQ122: =SUMIFS('Phản ánh'!$AI$6:$AI$505,'Phản ánh'!$K$6:$K$505,"",'Phản ánh'!$A$6:$A$505,"?*")+SUMIFS('Kế hoạch'!$AV$6:$AV$305,'Kế hoạch'!$N$6:$N$305,"",'Kế hoạch'!$A$6:$A$305,"?*",'Kế hoạch'!$B$6:$B$305,"Đột xuất") | AR122: =COUNTIFS('Phản ánh'!$K$6:$K$505,"",'Phản ánh'!$A$6:$A$505,"?*",'Phản ánh'!$AI$6:$AI$505,">=0")+COUNTIFS('Kế hoạch'!$N$6:$N$305,"",'Kế hoạch'!$A$6:$A$305,"?*",'Kế hoạch'!$B$6:$B$305,"Đột xuất",'Kế hoạch'!$AV$6:$AV$305,">=0") | AS122: =COUNTIFS('Phản ánh'!$K$6:$K$505,"",'Phản ánh'!$A$6:$A$505,"?*",'Phản ánh'!$AE$6:$AE$505,"Đúng hạn",'Phản ánh'!$AA$6:$AA$505,">="&(TDBC-30))+COUNTIFS('Kế hoạch'!$N$6:$N$305,"",'Kế hoạch'!$A$6:$A$305,"?*",'Kế hoạch'!$AH$6:$AH$305,"Đúng hạn",'Kế hoạch'!$X$6:$X$305,">="&(TDBC-30))+COUNTIFS('Nhật ký tiến độ'!$K$6:$K$3005,"",'Nhật ký tiến độ'!$E$6:$E$3005,"Hoàn thành kỳ",'Nhật ký tiến độ'!$M$6:$M$3005,"Đúng hạn",'Nhật ký tiến độ'!$B$6:$B$3005,">="&(TDBC-30)) | AT122: =COUNTIFS('Phản ánh'!$K$6:$K$505,"",'Phản ánh'!$A$6:$A$505,"?*",'Phản ánh'!$AE$6:$AE$505,"Trễ hạn",'Phản ánh'!$AA$6:$AA$505,">="&(TDBC-30))+COUNTIFS('Kế hoạch'!$N$6:$N$305,"",'Kế hoạch'!$A$6:$A$305,"?*",'Kế hoạch'!$AH$6:$AH$305,"Trễ hạn",'Kế hoạch'!$X$6:$X$305,">="&(TDBC-30))+COUNTIFS('Nhật ký tiến độ'!$K$6:$K$3005,"",'Nhật ký tiến độ'!$E$6:$E$3005,"Hoàn thành kỳ",'Nhật ký tiến độ'!$M$6:$M$3005,"Trễ hạn",'Nhật ký tiến độ'!$B$6:$B$3005,">="&(TDBC-30))
B124: Saigon South Residences, Ban Quản trị | U124: Số liệu tự cập nhật khi nhập dữ liệu mới ở các tab Phản ánh, Kế hoạch và Nhật ký tiến độ.

Sheet Báo cáo tuần
A1: BÁO CÁO VẬN HÀNH TUẦN
A2: Saigon South Residences, trang tóm tắt để in hoặc lưu PDF (File, Print). Số liệu tự lấy từ tab Tổng quan và tab Lời nhắn.
B3: ="Số liệu tính đến "&TEXT('Tổng quan'!$AH$3,"hh:mm")&" ngày "&TEXT('Tổng quan'!$AH$3,"dd/mm/yyyy")&"; việc hoàn thành tính trong 7 ngày gần nhất."
B4: ='Tổng quan'!$F$4
B5: CHỈ SỐ CHÍNH
B6: Chỉ số vận hành | D6: ='Tổng quan'!$AT$8&"/100: "&IF('Tổng quan'!$AT$8>=85,"Tốt",IF('Tổng quan'!$AT$8>=70,"Ổn định",IF('Tổng quan'!$AT$8>=50,"Cần chú ý","Báo động")))
B7: Việc quá hạn | D7: =('Tổng quan'!$AQ$7+'Tổng quan'!$AR$7+'Tổng quan'!$AS$7+'Tổng quan'!$AT$7)&" việc"&IF('Tổng quan'!$AQ$7+'Tổng quan'!$AR$7+'Tổng quan'!$AS$7+'Tổng quan'!$AT$7>0,": "&LEFT('Tổng quan'!$AU$7,LEN('Tổng quan'!$AU$7)-2),"")
B8: Phản ánh đang mở | D8: =COUNTIFS('Phản ánh'!$A$6:$A$505,"?*",'Phản ánh'!$V$6:$V$505,"<>Đã xử lý")&" trên tổng "&COUNTIF('Phản ánh'!$A$6:$A$505,"?*")&" phản ánh"
B9: Hoàn thành trong 7 ngày | D9: =(COUNTIFS('Phản ánh'!$AA$6:$AA$505,">="&(TDBC-7))+COUNTIFS('Kế hoạch'!$B$6:$B$305,"Đột xuất",'Kế hoạch'!$X$6:$X$305,">="&(TDBC-7))+COUNTIFS('Nhật ký tiến độ'!$E$6:$E$3005,"Hoàn thành kỳ",'Nhật ký tiến độ'!$B$6:$B$3005,">="&(TDBC-7)))&" đầu việc"
B10: Lời nhắn chưa phản hồi | D10: ='Lời nhắn'!$I$3&" lời nhắn"
B12: PHẢN ÁNH CẦN CHÚ Ý
B13: Mã | C13: Vấn đề | D13: Vị trí | E13: Deadline | F13: Tiến độ | G13: Báo động, tiến độ
B14: ='Tổng quan'!C96&"" | C14: ='Tổng quan'!E96&"" | D14: ='Tổng quan'!J96&"" | E14: =IF('Tổng quan'!M96="","",'Tổng quan'!M96) | F14: =IF('Tổng quan'!P96="","",'Tổng quan'!P96) | G14: ='Tổng quan'!R96&""
B15: ='Tổng quan'!C97&"" | C15: ='Tổng quan'!E97&"" | D15: ='Tổng quan'!J97&"" | E15: =IF('Tổng quan'!M97="","",'Tổng quan'!M97) | F15: =IF('Tổng quan'!P97="","",'Tổng quan'!P97) | G15: ='Tổng quan'!R97&""
B16: ='Tổng quan'!C98&"" | C16: ='Tổng quan'!E98&"" | D16: ='Tổng quan'!J98&"" | E16: =IF('Tổng quan'!M98="","",'Tổng quan'!M98) | F16: =IF('Tổng quan'!P98="","",'Tổng quan'!P98) | G16: ='Tổng quan'!R98&""
B17: ='Tổng quan'!C99&"" | C17: ='Tổng quan'!E99&"" | D17: ='Tổng quan'!J99&"" | E17: =IF('Tổng quan'!M99="","",'Tổng quan'!M99) | F17: =IF('Tổng quan'!P99="","",'Tổng quan'!P99) | G17: ='Tổng quan'!R99&""
B18: ='Tổng quan'!C100&"" | C18: ='Tổng quan'!E100&"" | D18: ='Tổng quan'!J100&"" | E18: =IF('Tổng quan'!M100="","",'Tổng quan'!M100) | F18: =IF('Tổng quan'!P100="","",'Tổng quan'!P100) | G18: ='Tổng quan'!R100&""
B19: ='Tổng quan'!C101&"" | C19: ='Tổng quan'!E101&"" | D19: ='Tổng quan'!J101&"" | E19: =IF('Tổng quan'!M101="","",'Tổng quan'!M101) | F19: =IF('Tổng quan'!P101="","",'Tổng quan'!P101) | G19: ='Tổng quan'!R101&""
B20: ='Tổng quan'!C102&"" | C20: ='Tổng quan'!E102&"" | D20: ='Tổng quan'!J102&"" | E20: =IF('Tổng quan'!M102="","",'Tổng quan'!M102) | F20: =IF('Tổng quan'!P102="","",'Tổng quan'!P102) | G20: ='Tổng quan'!R102&""
B21: ='Tổng quan'!C103&"" | C21: ='Tổng quan'!E103&"" | D21: ='Tổng quan'!J103&"" | E21: =IF('Tổng quan'!M103="","",'Tổng quan'!M103) | F21: =IF('Tổng quan'!P103="","",'Tổng quan'!P103) | G21: ='Tổng quan'!R103&""
B22: ='Tổng quan'!C104&"" | C22: ='Tổng quan'!E104&"" | D22: ='Tổng quan'!J104&"" | E22: =IF('Tổng quan'!M104="","",'Tổng quan'!M104) | F22: =IF('Tổng quan'!P104="","",'Tổng quan'!P104) | G22: ='Tổng quan'!R104&""
B23: ='Tổng quan'!C105&"" | C23: ='Tổng quan'!E105&"" | D23: ='Tổng quan'!J105&"" | E23: =IF('Tổng quan'!M105="","",'Tổng quan'!M105) | F23: =IF('Tổng quan'!P105="","",'Tổng quan'!P105) | G23: ='Tổng quan'!R105&""
B25: CÔNG VIỆC CẦN CHÚ Ý
B26: Mã | C26: Công việc | D26: Vị trí | E26: Hạn, kỳ | F26: Tiến độ | G26: Báo động, tiến độ
B27: ='Tổng quan'!W96&"" | C27: ='Tổng quan'!Y96&"" | D27: ='Tổng quan'!AF96&"" | E27: =IF('Tổng quan'!AI96="","",'Tổng quan'!AI96) | F27: =IF('Tổng quan'!AK96="","",'Tổng quan'!AK96) | G27: ='Tổng quan'!AM96&""
B28: ='Tổng quan'!W97&"" | C28: ='Tổng quan'!Y97&"" | D28: ='Tổng quan'!AF97&"" | E28: =IF('Tổng quan'!AI97="","",'Tổng quan'!AI97) | F28: =IF('Tổng quan'!AK97="","",'Tổng quan'!AK97) | G28: ='Tổng quan'!AM97&""
B29: ='Tổng quan'!W98&"" | C29: ='Tổng quan'!Y98&"" | D29: ='Tổng quan'!AF98&"" | E29: =IF('Tổng quan'!AI98="","",'Tổng quan'!AI98) | F29: =IF('Tổng quan'!AK98="","",'Tổng quan'!AK98) | G29: ='Tổng quan'!AM98&""
B30: ='Tổng quan'!W99&"" | C30: ='Tổng quan'!Y99&"" | D30: ='Tổng quan'!AF99&"" | E30: =IF('Tổng quan'!AI99="","",'Tổng quan'!AI99) | F30: =IF('Tổng quan'!AK99="","",'Tổng quan'!AK99) | G30: ='Tổng quan'!AM99&""
B31: ='Tổng quan'!W100&"" | C31: ='Tổng quan'!Y100&"" | D31: ='Tổng quan'!AF100&"" | E31: =IF('Tổng quan'!AI100="","",'Tổng quan'!AI100) | F31: =IF('Tổng quan'!AK100="","",'Tổng quan'!AK100) | G31: ='Tổng quan'!AM100&""
B32: ='Tổng quan'!W101&"" | C32: ='Tổng quan'!Y101&"" | D32: ='Tổng quan'!AF101&"" | E32: =IF('Tổng quan'!AI101="","",'Tổng quan'!AI101) | F32: =IF('Tổng quan'!AK101="","",'Tổng quan'!AK101) | G32: ='Tổng quan'!AM101&""
B33: ='Tổng quan'!W102&"" | C33: ='Tổng quan'!Y102&"" | D33: ='Tổng quan'!AF102&"" | E33: =IF('Tổng quan'!AI102="","",'Tổng quan'!AI102) | F33: =IF('Tổng quan'!AK102="","",'Tổng quan'!AK102) | G33: ='Tổng quan'!AM102&""
B34: ='Tổng quan'!W103&"" | C34: ='Tổng quan'!Y103&"" | D34: ='Tổng quan'!AF103&"" | E34: =IF('Tổng quan'!AI103="","",'Tổng quan'!AI103) | F34: =IF('Tổng quan'!AK103="","",'Tổng quan'!AK103) | G34: ='Tổng quan'!AM103&""
B35: ='Tổng quan'!W104&"" | C35: ='Tổng quan'!Y104&"" | D35: ='Tổng quan'!AF104&"" | E35: =IF('Tổng quan'!AI104="","",'Tổng quan'!AI104) | F35: =IF('Tổng quan'!AK104="","",'Tổng quan'!AK104) | G35: ='Tổng quan'!AM104&""
B36: ='Tổng quan'!W105&"" | C36: ='Tổng quan'!Y105&"" | D36: ='Tổng quan'!AF105&"" | E36: =IF('Tổng quan'!AI105="","",'Tổng quan'!AI105) | F36: =IF('Tổng quan'!AK105="","",'Tổng quan'!AK105) | G36: ='Tổng quan'!AM105&""
B38: THEO NGƯỜI PHỤ TRÁCH
B39: Người phụ trách | D39: Đang mở | E39: Quá hạn | F39: Xong 30 ngày | G39: Đúng hạn 30 ngày
B40: ='Tổng quan'!$V$110&"" | D40: =IF('Tổng quan'!$V$110="","",'Tổng quan'!AC110) | E40: =IF('Tổng quan'!$V$110="","",'Tổng quan'!AE110) | F40: =IF('Tổng quan'!$V$110="","",'Tổng quan'!AG110) | G40: =IF('Tổng quan'!$V$110="","",'Tổng quan'!AM110)
B41: ='Tổng quan'!$V$111&"" | D41: =IF('Tổng quan'!$V$111="","",'Tổng quan'!AC111) | E41: =IF('Tổng quan'!$V$111="","",'Tổng quan'!AE111) | F41: =IF('Tổng quan'!$V$111="","",'Tổng quan'!AG111) | G41: =IF('Tổng quan'!$V$111="","",'Tổng quan'!AM111)
B42: ='Tổng quan'!$V$112&"" | D42: =IF('Tổng quan'!$V$112="","",'Tổng quan'!AC112) | E42: =IF('Tổng quan'!$V$112="","",'Tổng quan'!AE112) | F42: =IF('Tổng quan'!$V$112="","",'Tổng quan'!AG112) | G42: =IF('Tổng quan'!$V$112="","",'Tổng quan'!AM112)
B43: ='Tổng quan'!$V$113&"" | D43: =IF('Tổng quan'!$V$113="","",'Tổng quan'!AC113) | E43: =IF('Tổng quan'!$V$113="","",'Tổng quan'!AE113) | F43: =IF('Tổng quan'!$V$113="","",'Tổng quan'!AG113) | G43: =IF('Tổng quan'!$V$113="","",'Tổng quan'!AM113)
B44: ='Tổng quan'!$V$114&"" | D44: =IF('Tổng quan'!$V$114="","",'Tổng quan'!AC114) | E44: =IF('Tổng quan'!$V$114="","",'Tổng quan'!AE114) | F44: =IF('Tổng quan'!$V$114="","",'Tổng quan'!AG114) | G44: =IF('Tổng quan'!$V$114="","",'Tổng quan'!AM114)
B45: ='Tổng quan'!$V$115&"" | D45: =IF('Tổng quan'!$V$115="","",'Tổng quan'!AC115) | E45: =IF('Tổng quan'!$V$115="","",'Tổng quan'!AE115) | F45: =IF('Tổng quan'!$V$115="","",'Tổng quan'!AG115) | G45: =IF('Tổng quan'!$V$115="","",'Tổng quan'!AM115)
B46: ='Tổng quan'!$V$116&"" | D46: =IF('Tổng quan'!$V$116="","",'Tổng quan'!AC116) | E46: =IF('Tổng quan'!$V$116="","",'Tổng quan'!AE116) | F46: =IF('Tổng quan'!$V$116="","",'Tổng quan'!AG116) | G46: =IF('Tổng quan'!$V$116="","",'Tổng quan'!AM116)
B47: ='Tổng quan'!$V$117&"" | D47: =IF('Tổng quan'!$V$117="","",'Tổng quan'!AC117) | E47: =IF('Tổng quan'!$V$117="","",'Tổng quan'!AE117) | F47: =IF('Tổng quan'!$V$117="","",'Tổng quan'!AG117) | G47: =IF('Tổng quan'!$V$117="","",'Tổng quan'!AM117)
B48: ='Tổng quan'!$V$118&"" | D48: =IF('Tổng quan'!$V$118="","",'Tổng quan'!AC118) | E48: =IF('Tổng quan'!$V$118="","",'Tổng quan'!AE118) | F48: =IF('Tổng quan'!$V$118="","",'Tổng quan'!AG118) | G48: =IF('Tổng quan'!$V$118="","",'Tổng quan'!AM118)
B49: ='Tổng quan'!$V$119&"" | D49: =IF('Tổng quan'!$V$119="","",'Tổng quan'!AC119) | E49: =IF('Tổng quan'!$V$119="","",'Tổng quan'!AE119) | F49: =IF('Tổng quan'!$V$119="","",'Tổng quan'!AG119) | G49: =IF('Tổng quan'!$V$119="","",'Tổng quan'!AM119)
B50: ='Tổng quan'!$V$120&"" | D50: =IF('Tổng quan'!$V$120="","",'Tổng quan'!AC120) | E50: =IF('Tổng quan'!$V$120="","",'Tổng quan'!AE120) | F50: =IF('Tổng quan'!$V$120="","",'Tổng quan'!AG120) | G50: =IF('Tổng quan'!$V$120="","",'Tổng quan'!AM120)
B51: ='Tổng quan'!$V$121&"" | D51: =IF('Tổng quan'!$V$121="","",'Tổng quan'!AC121) | E51: =IF('Tổng quan'!$V$121="","",'Tổng quan'!AE121) | F51: =IF('Tổng quan'!$V$121="","",'Tổng quan'!AG121) | G51: =IF('Tổng quan'!$V$121="","",'Tổng quan'!AM121)
B52: ='Tổng quan'!$V$122&"" | D52: =IF('Tổng quan'!$V$122="","",'Tổng quan'!AC122) | E52: =IF('Tổng quan'!$V$122="","",'Tổng quan'!AE122) | F52: =IF('Tổng quan'!$V$122="","",'Tổng quan'!AG122) | G52: =IF('Tổng quan'!$V$122="","",'Tổng quan'!AM122)
B54: LỜI NHẮN CHƯA PHẢN HỒI
B55: Thời điểm | C55: Nội dung | D55: Người gửi | E55: Trạng thái
B56: =IFERROR(INDEX('Lời nhắn'!$B$6:$B$505,MATCH(1,'Lời nhắn'!$K$6:$K$505,0)),"") | C56: =IFERROR(INDEX('Lời nhắn'!$F$6:$F$505,MATCH(1,'Lời nhắn'!$K$6:$K$505,0))&"",IF('Lời nhắn'!$I$3=0,"Không có lời nhắn nào đang chờ phản hồi.","")) | D56: =IFERROR(INDEX('Lời nhắn'!$C$6:$C$505,MATCH(1,'Lời nhắn'!$K$6:$K$505,0))&"","") | E56: =IFERROR(IF(INDEX('Lời nhắn'!$G$6:$G$505,MATCH(1,'Lời nhắn'!$K$6:$K$505,0))="","Mới",INDEX('Lời nhắn'!$G$6:$G$505,MATCH(1,'Lời nhắn'!$K$6:$K$505,0))),"")
B57: =IFERROR(INDEX('Lời nhắn'!$B$6:$B$505,MATCH(2,'Lời nhắn'!$K$6:$K$505,0)),"") | C57: =IFERROR(INDEX('Lời nhắn'!$F$6:$F$505,MATCH(2,'Lời nhắn'!$K$6:$K$505,0))&"",IF('Lời nhắn'!$I$3=0,"","")) | D57: =IFERROR(INDEX('Lời nhắn'!$C$6:$C$505,MATCH(2,'Lời nhắn'!$K$6:$K$505,0))&"","") | E57: =IFERROR(IF(INDEX('Lời nhắn'!$G$6:$G$505,MATCH(2,'Lời nhắn'!$K$6:$K$505,0))="","Mới",INDEX('Lời nhắn'!$G$6:$G$505,MATCH(2,'Lời nhắn'!$K$6:$K$505,0))),"")
B58: =IFERROR(INDEX('Lời nhắn'!$B$6:$B$505,MATCH(3,'Lời nhắn'!$K$6:$K$505,0)),"") | C58: =IFERROR(INDEX('Lời nhắn'!$F$6:$F$505,MATCH(3,'Lời nhắn'!$K$6:$K$505,0))&"",IF('Lời nhắn'!$I$3=0,"","")) | D58: =IFERROR(INDEX('Lời nhắn'!$C$6:$C$505,MATCH(3,'Lời nhắn'!$K$6:$K$505,0))&"","") | E58: =IFERROR(IF(INDEX('Lời nhắn'!$G$6:$G$505,MATCH(3,'Lời nhắn'!$K$6:$K$505,0))="","Mới",INDEX('Lời nhắn'!$G$6:$G$505,MATCH(3,'Lời nhắn'!$K$6:$K$505,0))),"")
B59: =IFERROR(INDEX('Lời nhắn'!$B$6:$B$505,MATCH(4,'Lời nhắn'!$K$6:$K$505,0)),"") | C59: =IFERROR(INDEX('Lời nhắn'!$F$6:$F$505,MATCH(4,'Lời nhắn'!$K$6:$K$505,0))&"",IF('Lời nhắn'!$I$3=0,"","")) | D59: =IFERROR(INDEX('Lời nhắn'!$C$6:$C$505,MATCH(4,'Lời nhắn'!$K$6:$K$505,0))&"","") | E59: =IFERROR(IF(INDEX('Lời nhắn'!$G$6:$G$505,MATCH(4,'Lời nhắn'!$K$6:$K$505,0))="","Mới",INDEX('Lời nhắn'!$G$6:$G$505,MATCH(4,'Lời nhắn'!$K$6:$K$505,0))),"")
B60: =IFERROR(INDEX('Lời nhắn'!$B$6:$B$505,MATCH(5,'Lời nhắn'!$K$6:$K$505,0)),"") | C60: =IFERROR(INDEX('Lời nhắn'!$F$6:$F$505,MATCH(5,'Lời nhắn'!$K$6:$K$505,0))&"",IF('Lời nhắn'!$I$3=0,"","")) | D60: =IFERROR(INDEX('Lời nhắn'!$C$6:$C$505,MATCH(5,'Lời nhắn'!$K$6:$K$505,0))&"","") | E60: =IFERROR(IF(INDEX('Lời nhắn'!$G$6:$G$505,MATCH(5,'Lời nhắn'!$K$6:$K$505,0))="","Mới",INDEX('Lời nhắn'!$G$6:$G$505,MATCH(5,'Lời nhắn'!$K$6:$K$505,0))),"")
B61: =IFERROR(INDEX('Lời nhắn'!$B$6:$B$505,MATCH(6,'Lời nhắn'!$K$6:$K$505,0)),"") | C61: =IFERROR(INDEX('Lời nhắn'!$F$6:$F$505,MATCH(6,'Lời nhắn'!$K$6:$K$505,0))&"",IF('Lời nhắn'!$I$3=0,"","")) | D61: =IFERROR(INDEX('Lời nhắn'!$C$6:$C$505,MATCH(6,'Lời nhắn'!$K$6:$K$505,0))&"","") | E61: =IFERROR(IF(INDEX('Lời nhắn'!$G$6:$G$505,MATCH(6,'Lời nhắn'!$K$6:$K$505,0))="","Mới",INDEX('Lời nhắn'!$G$6:$G$505,MATCH(6,'Lời nhắn'!$K$6:$K$505,0))),"")
B62: =IFERROR(INDEX('Lời nhắn'!$B$6:$B$505,MATCH(7,'Lời nhắn'!$K$6:$K$505,0)),"") | C62: =IFERROR(INDEX('Lời nhắn'!$F$6:$F$505,MATCH(7,'Lời nhắn'!$K$6:$K$505,0))&"",IF('Lời nhắn'!$I$3=0,"","")) | D62: =IFERROR(INDEX('Lời nhắn'!$C$6:$C$505,MATCH(7,'Lời nhắn'!$K$6:$K$505,0))&"","") | E62: =IFERROR(IF(INDEX('Lời nhắn'!$G$6:$G$505,MATCH(7,'Lời nhắn'!$K$6:$K$505,0))="","Mới",INDEX('Lời nhắn'!$G$6:$G$505,MATCH(7,'Lời nhắn'!$K$6:$K$505,0))),"")
B63: =IFERROR(INDEX('Lời nhắn'!$B$6:$B$505,MATCH(8,'Lời nhắn'!$K$6:$K$505,0)),"") | C63: =IFERROR(INDEX('Lời nhắn'!$F$6:$F$505,MATCH(8,'Lời nhắn'!$K$6:$K$505,0))&"",IF('Lời nhắn'!$I$3=0,"","")) | D63: =IFERROR(INDEX('Lời nhắn'!$C$6:$C$505,MATCH(8,'Lời nhắn'!$K$6:$K$505,0))&"","") | E63: =IFERROR(IF(INDEX('Lời nhắn'!$G$6:$G$505,MATCH(8,'Lời nhắn'!$K$6:$K$505,0))="","Mới",INDEX('Lời nhắn'!$G$6:$G$505,MATCH(8,'Lời nhắn'!$K$6:$K$505,0))),"")
B65: Trang này tự cập nhật; không ghi tên hay căn hộ người phản ánh. Muốn in: File, Print, chọn khổ A4 dọc.

Sheet Phản ánh
A1: PHẢN ÁNH CƯ DÂN
A2: Mỗi dòng là một phản ánh. Trạng thái, tiến độ và thời điểm xử lý xong lấy tự động từ tab Nhật ký tiến độ.
A3: Ô nền trắng: nhập liệu. Cột tiêu đề xám: tự tính, không sửa. | G3: Mã gợi ý tiếp theo | I3: ="PA-"&TEXT(COUNTIF($A$6:$A$505,"?*")+1,"000")
A4: THÔNG TIN NHẬP | U4: TỰ ĐỘNG TÍNH, KHÔNG SỬA | AH4: CỘT KỸ THUẬT
A5: Mã | B5: Thời điểm ghi nhận | C5: Vấn đề chi tiết | D5: Kênh tiếp nhận | E5: Người phản ánh, căn hộ | F5: Vị trí | G5: Tầng | H5: Chi tiết vị trí | I5: Phân loại | J5: Cấp độ khẩn | K5: Người phụ trách | L5: Người thực hiện trực tiếp | M5: Bộ phận, đơn vị xử lý | N5: TV BQT giám sát | O5: Thời gian ước tính | P5: Đơn vị (Giờ, Ngày) | Q5: Deadline | R5: Đánh giá cư dân (1 đến 5 sao) | S5: Link ảnh, hồ sơ | T5: Ghi chú | U5: Deadline áp dụng | V5: Trạng thái | W5: Tiến độ | X5: Kế hoạch đến nay | Y5: Đánh giá tiến độ | Z5: Còn lại hoặc quá hạn | AA5: Thời điểm xử lý xong | AB5: Thời gian xử lý thực tế | AC5: So với ước tính | AD5: Mức báo động | AE5: Đúng deadline | AF5: Cập nhật gần nhất | AG5: Việc liên quan | AH5: Ước tính (giờ) | AI5: Thực tế (giờ) | AJ5: Dòng nhật ký cuối | AK5: Mức chú ý | AL5: Khóa sắp xếp | AM5: Người phụ trách mới | AN5: Thứ tự người phụ trách | AO5: Mức báo động (số)
U6: =IF($A6="","",IF(N($Q6)>0,IF(MOD($Q6,1)=0,$Q6+1-1/1440,$Q6),IF(N($B6)=0,"",$B6+IF(N($AH6)>0,$AH6,IFERROR(INDEX(DM_SLA_Gio,MATCH($J6,DM_SLA_Cap,0)),168))/24))) | V6: =IF($A6="","",IF(N($AJ6)=0,"Mới tiếp nhận",INDEX('Nhật ký tiến độ'!$E:$E,$AJ6))) | W6: =IF($A6="","",IF($V6="Đã xử lý",1,IF(N($AJ6)=0,0,N(INDEX('Nhật ký tiến độ'!$D:$D,$AJ6))))) | X6: =IF(OR($A6="",$V6="Đã xử lý",N($U6)=0,N($B6)=0),"",IF(TDBC<=$B6,0,IF(TDBC>=$U6,1,(TDBC-$B6)/($U6-$B6)))) | Y6: =IF($A6="","",IF($V6="Đã xử lý","Hoàn thành",IF(N($U6)=0,"Chưa đặt hạn",IF(TDBC>$U6,"Quá hạn",IF(ROUND((N($X6)-$W6)*100,0)>=20,"Chậm tiến độ",IF($U6-TDBC<=1,"Sắp đến hạn","Đúng tiến độ")))))) | Z6: =IF(OR($A6="",$V6="Đã xử lý",N($U6)=0),"",IF(TDBC>$U6,"Quá "&IF(((TDBC-$U6)*24)<1,MAX(1,ROUND(((TDBC-$U6)*24)*60,0))&" phút",IF(ROUND(((TDBC-$U6)*24),0)<24,ROUND(((TDBC-$U6)*24),0)&" giờ",INT(ROUND(((TDBC-$U6)*24),0)/24)&" ngày"&IF(MOD(ROUND(((TDBC-$U6)*24),0),24)>0," "&MOD(ROUND(((TDBC-$U6)*24),0),24)&" giờ",""))),"Còn "&IF((($U6-TDBC)*24)<1,MAX(1,ROUND((($U6-TDBC)*24)*60,0))&" phút",IF(ROUND((($U6-TDBC)*24),0)<24,ROUND((($U6-TDBC)*24),0)&" giờ",INT(ROUND((($U6-TDBC)*24),0)/24)&" ngày"&IF(MOD(ROUND((($U6-TDBC)*24),0),24)>0," "&MOD(ROUND((($U6-TDBC)*24),0),24)&" giờ",""))))) | AA6: =IF($V6="Đã xử lý",_xlfn.MAXIFS('Nhật ký tiến độ'!$B$6:$B$3005,'Nhật ký tiến độ'!$C$6:$C$3005,$A6,'Nhật ký tiến độ'!$E$6:$E$3005,"Đã xử lý"),"") | AB6: =IF($AI6="","",IF($AI6<1,MAX(1,ROUND($AI6*60,0))&" phút",IF(ROUND($AI6,0)<24,ROUND($AI6,0)&" giờ",INT(ROUND($AI6,0)/24)&" ngày"&IF(MOD(ROUND($AI6,0),24)>0," "&MOD(ROUND($AI6,0),24)&" giờ","")))) | AC6: =IF(OR($A6="",N($AH6)=0),"",IF($AI6<>"",IF($AI6<=$AH6,"Trong ước tính","Vượt "&IF(($AI6-$AH6)<1,MAX(1,ROUND(($AI6-$AH6)*60,0))&" phút",IF(ROUND(($AI6-$AH6),0)<24,ROUND(($AI6-$AH6),0)&" giờ",INT(ROUND(($AI6-$AH6),0)/24)&" ngày"&IF(MOD(ROUND(($AI6-$AH6),0),24)>0," "&MOD(ROUND(($AI6-$AH6),0),24)&" giờ","")))),IF(OR($V6="Đã xử lý",N($B6)=0),"",IF((TDBC-$B6)*24>$AH6,"Đã vượt ước tính","Đã dùng "&TEXT((TDBC-$B6)*24/$AH6,"0%"))))) | AD6: =IF(N($AO6)=0,"",CHOOSE($AO6,"Nhắc nhở","Cảnh báo","Báo động","Báo động đỏ")) | AE6: =IF(OR(N($AA6)=0,N($U6)=0),"",IF($AA6<=$U6,"Đúng hạn","Trễ hạn")) | AF6: =IF($A6="","",_xlfn.MAXIFS('Nhật ký tiến độ'!$B$6:$B$3005,'Nhật ký tiến độ'!$C$6:$C$3005,$A6)) | AG6: =IF($A6="","",IF(COUNTIF('Kế hoạch'!$M$6:$M$305,$A6)=0,"",COUNTIF('Kế hoạch'!$M$6:$M$305,$A6)&" việc")) | AH6: =IF(OR($A6="",N($O6)<=0),"",IF($P6="Giờ",$O6,$O6*24)) | AI6: =IF(OR(N($AA6)=0,N($B6)=0),"",IF($AA6<$B6,"",($AA6-$B6)*24)) | AJ6: =IF($A6="","",IF(COUNTIF('Nhật ký tiến độ'!$C$6:$C$3005,$A6)=0,0,_xlfn.MAXIFS('Nhật ký tiến độ'!$N$6:$N$3005,'Nhật ký tiến độ'!$C$6:$C$3005,$A6,'Nhật ký tiến độ'!$B$6:$B$3005,_xlfn.MAXIFS('Nhật ký tiến độ'!$B$6:$B$3005,'Nhật ký tiến độ'!$C$6:$C$3005,$A6)))) | AK6: =IF(OR($A6="",$V6="Đã xử lý"),"",IF(N($AO6)>0,5-$AO6,IF($J6="Khẩn cấp",5,IF($Y6="Chậm tiến độ",6,IF(OR($Y6="Sắp đến hạn",$J6="Cao"),7,""))))) | AL6: =IF($AK6="","",$AK6*100000+IF(N($U6)=0,99999,INT($U6))+ROW()/100000) | AM6: =IF(OR($A6="",TRIM($K6)="",COUNTIF($K$6:$K6,$K6)>1),0,1) | AN6: =IF($AM6=1,SUM($AM$6:$AM6),"") | AO6: =IF(OR($A6="",$V6="Đã xử lý",N($U6)=0),0,IF(TDBC<=$U6,0,MAX(1,MIN(4,IF((TDBC-$U6)*24<24,1,IF((TDBC-$U6)*24<72,2,IF((TDBC-$U6)*24<168,3,4)))+IFERROR(INDEX({2,1,0,-1},MATCH($J6,{"Khẩn cấp","Cao","Trung bình","Thấp"},0)),0)))))
U7: =IF($A7="","",IF(N($Q7)>0,IF(MOD($Q7,1)=0,$Q7+1-1/1440,$Q7),IF(N($B7)=0,"",$B7+IF(N($AH7)>0,$AH7,IFERROR(INDEX(DM_SLA_Gio,MATCH($J7,DM_SLA_Cap,0)),168))/24))) | V7: =IF($A7="","",IF(N($AJ7)=0,"Mới tiếp nhận",INDEX('Nhật ký tiến độ'!$E:$E,$AJ7))) | W7: =IF($A7="","",IF($V7="Đã xử lý",1,IF(N($AJ7)=0,0,N(INDEX('Nhật ký tiến độ'!$D:$D,$AJ7))))) | X7: =IF(OR($A7="",$V7="Đã xử lý",N($U7)=0,N($B7)=0),"",IF(TDBC<=$B7,0,IF(TDBC>=$U7,1,(TDBC-$B7)/($U7-$B7)))) | Y7: =IF($A7="","",IF($V7="Đã xử lý","Hoàn thành",IF(N($U7)=0,"Chưa đặt hạn",IF(TDBC>$U7,"Quá hạn",IF(ROUND((N($X7)-$W7)*100,0)>=20,"Chậm tiến độ",IF($U7-TDBC<=1,"Sắp đến hạn","Đúng tiến độ")))))) | Z7: =IF(OR($A7="",$V7="Đã xử lý",N($U7)=0),"",IF(TDBC>$U7,"Quá "&IF(((TDBC-$U7)*24)<1,MAX(1,ROUND(((TDBC-$U7)*24)*60,0))&" phút",IF(ROUND(((TDBC-$U7)*24),0)<24,ROUND(((TDBC-$U7)*24),0)&" giờ",INT(ROUND(((TDBC-$U7)*24),0)/24)&" ngày"&IF(MOD(ROUND(((TDBC-$U7)*24),0),24)>0," "&MOD(ROUND(((TDBC-$U7)*24),0),24)&" giờ",""))),"Còn "&IF((($U7-TDBC)*24)<1,MAX(1,ROUND((($U7-TDBC)*24)*60,0))&" phút",IF(ROUND((($U7-TDBC)*24),0)<24,ROUND((($U7-TDBC)*24),0)&" giờ",INT(ROUND((($U7-TDBC)*24),0)/24)&" ngày"&IF(MOD(ROUND((($U7-TDBC)*24),0),24)>0," "&MOD(ROUND((($U7-TDBC)*24),0),24)&" giờ",""))))) | AA7: =IF($V7="Đã xử lý",_xlfn.MAXIFS('Nhật ký tiến độ'!$B$6:$B$3005,'Nhật ký tiến độ'!$C$6:$C$3005,$A7,'Nhật ký tiến độ'!$E$6:$E$3005,"Đã xử lý"),"") | AB7: =IF($AI7="","",IF($AI7<1,MAX(1,ROUND($AI7*60,0))&" phút",IF(ROUND($AI7,0)<24,ROUND($AI7,0)&" giờ",INT(ROUND($AI7,0)/24)&" ngày"&IF(MOD(ROUND($AI7,0),24)>0," "&MOD(ROUND($AI7,0),24)&" giờ","")))) | AC7: =IF(OR($A7="",N($AH7)=0),"",IF($AI7<>"",IF($AI7<=$AH7,"Trong ước tính","Vượt "&IF(($AI7-$AH7)<1,MAX(1,ROUND(($AI7-$AH7)*60,0))&" phút",IF(ROUND(($AI7-$AH7),0)<24,ROUND(($AI7-$AH7),0)&" giờ",INT(ROUND(($AI7-$AH7),0)/24)&" ngày"&IF(MOD(ROUND(($AI7-$AH7),0),24)>0," "&MOD(ROUND(($AI7-$AH7),0),24)&" giờ","")))),IF(OR($V7="Đã xử lý",N($B7)=0),"",IF((TDBC-$B7)*24>$AH7,"Đã vượt ước tính","Đã dùng "&TEXT((TDBC-$B7)*24/$AH7,"0%"))))) | AD7: =IF(N($AO7)=0,"",CHOOSE($AO7,"Nhắc nhở","Cảnh báo","Báo động","Báo động đỏ")) | AE7: =IF(OR(N($AA7)=0,N($U7)=0),"",IF($AA7<=$U7,"Đúng hạn","Trễ hạn")) | AF7: =IF($A7="","",_xlfn.MAXIFS('Nhật ký tiến độ'!$B$6:$B$3005,'Nhật ký tiến độ'!$C$6:$C$3005,$A7)) | AG7: =IF($A7="","",IF(COUNTIF('Kế hoạch'!$M$6:$M$305,$A7)=0,"",COUNTIF('Kế hoạch'!$M$6:$M$305,$A7)&" việc")) | AH7: =IF(OR($A7="",N($O7)<=0),"",IF($P7="Giờ",$O7,$O7*24)) | AI7: =IF(OR(N($AA7)=0,N($B7)=0),"",IF($AA7<$B7,"",($AA7-$B7)*24)) | AJ7: =IF($A7="","",IF(COUNTIF('Nhật ký tiến độ'!$C$6:$C$3005,$A7)=0,0,_xlfn.MAXIFS('Nhật ký tiến độ'!$N$6:$N$3005,'Nhật ký tiến độ'!$C$6:$C$3005,$A7,'Nhật ký tiến độ'!$B$6:$B$3005,_xlfn.MAXIFS('Nhật ký tiến độ'!$B$6:$B$3005,'Nhật ký tiến độ'!$C$6:$C$3005,$A7)))) | AK7: =IF(OR($A7="",$V7="Đã xử lý"),"",IF(N($AO7)>0,5-$AO7,IF($J7="Khẩn cấp",5,IF($Y7="Chậm tiến độ",6,IF(OR($Y7="Sắp đến hạn",$J7="Cao"),7,""))))) | AL7: =IF($AK7="","",$AK7*100000+IF(N($U7)=0,99999,INT($U7))+ROW()/100000) | AM7: =IF(OR($A7="",TRIM($K7)="",COUNTIF($K$6:$K7,$K7)>1),0,1) | AN7: =IF($AM7=1,SUM($AM$6:$AM7),"") | AO7: =IF(OR($A7="",$V7="Đã xử lý",N($U7)=0),0,IF(TDBC<=$U7,0,MAX(1,MIN(4,IF((TDBC-$U7)*24<24,1,IF((TDBC-$U7)*24<72,2,IF((TDBC-$U7)*24<168,3,4)))+IFERROR(INDEX({2,1,0,-1},MATCH($J7,{"Khẩn cấp","Cao","Trung bình","Thấp"},0)),0)))))
U8: =IF($A8="","",IF(N($Q8)>0,IF(MOD($Q8,1)=0,$Q8+1-1/1440,$Q8),IF(N($B8)=0,"",$B8+IF(N($AH8)>0,$AH8,IFERROR(INDEX(DM_SLA_Gio,MATCH($J8,DM_SLA_Cap,0)),168))/24))) | V8: =IF($A8="","",IF(N($AJ8)=0,"Mới tiếp nhận",INDEX('Nhật ký tiến độ'!$E:$E,$AJ8))) | W8: =IF($A8="","",IF($V8="Đã xử lý",1,IF(N($AJ8)=0,0,N(INDEX('Nhật ký tiến độ'!$D:$D,$AJ8))))) | X8: =IF(OR($A8="",$V8="Đã xử lý",N($U8)=0,N($B8)=0),"",IF(TDBC<=$B8,0,IF(TDBC>=$U8,1,(TDBC-$B8)/($U8-$B8)))) | Y8: =IF($A8="","",IF($V8="Đã xử lý","Hoàn thành",IF(N($U8)=0,"Chưa đặt hạn",IF(TDBC>$U8,"Quá hạn",IF(ROUND((N($X8)-$W8)*100,0)>=20,"Chậm tiến độ",IF($U8-TDBC<=1,"Sắp đến hạn","Đúng tiến độ")))))) | Z8: =IF(OR($A8="",$V8="Đã xử lý",N($U8)=0),"",IF(TDBC>$U8,"Quá "&IF(((TDBC-$U8)*24)<1,MAX(1,ROUND(((TDBC-$U8)*24)*60,0))&" phút",IF(ROUND(((TDBC-$U8)*24),0)<24,ROUND(((TDBC-$U8)*24),0)&" giờ",INT(ROUND(((TDBC-$U8)*24),0)/24)&" ngày"&IF(MOD(ROUND(((TDBC-$U8)*24),0),24)>0," "&MOD(ROUND(((TDBC-$U8)*24),0),24)&" giờ",""))),"Còn "&IF((($U8-TDBC)*24)<1,MAX(1,ROUND((($U8-TDBC)*24)*60,0))&" phút",IF(ROUND((($U8-TDBC)*24),0)<24,ROUND((($U8-TDBC)*24),0)&" giờ",INT(ROUND((($U8-TDBC)*24),0)/24)&" ngày"&IF(MOD(ROUND((($U8-TDBC)*24),0),24)>0," "&MOD(ROUND((($U8-TDBC)*24),0),24)&" giờ",""))))) | AA8: =IF($V8="Đã xử lý",_xlfn.MAXIFS('Nhật ký tiến độ'!$B$6:$B$3005,'Nhật ký tiến độ'!$C$6:$C$3005,$A8,'Nhật ký tiến độ'!$E$6:$E$3005,"Đã xử lý"),"") | AB8: =IF($AI8="","",IF($AI8<1,MAX(1,ROUND($AI8*60,0))&" phút",IF(ROUND($AI8,0)<24,ROUND($AI8,0)&" giờ",INT(ROUND($AI8,0)/24)&" ngày"&IF(MOD(ROUND($AI8,0),24)>0," "&MOD(ROUND($AI8,0),24)&" giờ","")))) | AC8: =IF(OR($A8="",N($AH8)=0),"",IF($AI8<>"",IF($AI8<=$AH8,"Trong ước tính","Vượt "&IF(($AI8-$AH8)<1,MAX(1,ROUND(($AI8-$AH8)*60,0))&" phút",IF(ROUND(($AI8-$AH8),0)<24,ROUND(($AI8-$AH8),0)&" giờ",INT(ROUND(($AI8-$AH8),0)/24)&" ngày"&IF(MOD(ROUND(($AI8-$AH8),0),24)>0," "&MOD(ROUND(($AI8-$AH8),0),24)&" giờ","")))),IF(OR($V8="Đã xử lý",N($B8)=0),"",IF((TDBC-$B8)*24>$AH8,"Đã vượt ước tính","Đã dùng "&TEXT((TDBC-$B8)*24/$AH8,"0%"))))) | AD8: =IF(N($AO8)=0,"",CHOOSE($AO8,"Nhắc nhở","Cảnh báo","Báo động","Báo động đỏ")) | AE8: =IF(OR(N($AA8)=0,N($U8)=0),"",IF($AA8<=$U8,"Đúng hạn","Trễ hạn")) | AF8: =IF($A8="","",_xlfn.MAXIFS('Nhật ký tiến độ'!$B$6:$B$3005,'Nhật ký tiến độ'!$C$6:$C$3005,$A8)) | AG8: =IF($A8="","",IF(COUNTIF('Kế hoạch'!$M$6:$M$305,$A8)=0,"",COUNTIF('Kế hoạch'!$M$6:$M$305,$A8)&" việc")) | AH8: =IF(OR($A8="",N($O8)<=0),"",IF($P8="Giờ",$O8,$O8*24)) | AI8: =IF(OR(N($AA8)=0,N($B8)=0),"",IF($AA8<$B8,"",($AA8-$B8)*24)) | AJ8: =IF($A8="","",IF(COUNTIF('Nhật ký tiến độ'!$C$6:$C$3005,$A8)=0,0,_xlfn.MAXIFS('Nhật ký tiến độ'!$N$6:$N$3005,'Nhật ký tiến độ'!$C$6:$C$3005,$A8,'Nhật ký tiến độ'!$B$6:$B$3005,_xlfn.MAXIFS('Nhật ký tiến độ'!$B$6:$B$3005,'Nhật ký tiến độ'!$C$6:$C$3005,$A8)))) | AK8: =IF(OR($A8="",$V8="Đã xử lý"),"",IF(N($AO8)>0,5-$AO8,IF($J8="Khẩn cấp",5,IF($Y8="Chậm tiến độ",6,IF(OR($Y8="Sắp đến hạn",$J8="Cao"),7,""))))) | AL8: =IF($AK8="","",$AK8*100000+IF(N($U8)=0,99999,INT($U8))+ROW()/100000) | AM8: =IF(OR($A8="",TRIM($K8)="",COUNTIF($K$6:$K8,$K8)>1),0,1) | AN8: =IF($AM8=1,SUM($AM$6:$AM8),"") | AO8: =IF(OR($A8="",$V8="Đã xử lý",N($U8)=0),0,IF(TDBC<=$U8,0,MAX(1,MIN(4,IF((TDBC-$U8)*24<24,1,IF((TDBC-$U8)*24<72,2,IF((TDBC-$U8)*24<168,3,4)))+IFERROR(INDEX({2,1,0,-1},MATCH($J8,{"Khẩn cấp","Cao","Trung bình","Thấp"},0)),0)))))
U9: =IF($A9="","",IF(N($Q9)>0,IF(MOD($Q9,1)=0,$Q9+1-1/1440,$Q9),IF(N($B9)=0,"",$B9+IF(N($AH9)>0,$AH9,IFERROR(INDEX(DM_SLA_Gio,MATCH($J9,DM_SLA_Cap,0)),168))/24))) | V9: =IF($A9="","",IF(N($AJ9)=0,"Mới tiếp nhận",INDEX('Nhật ký tiến độ'!$E:$E,$AJ9))) | W9: =IF($A9="","",IF($V9="Đã xử lý",1,IF(N($AJ9)=0,0,N(INDEX('Nhật ký tiến độ'!$D:$D,$AJ9))))) | X9: =IF(OR($A9="",$V9="Đã xử lý",N($U9)=0,N($B9)=0),"",IF(TDBC<=$B9,0,IF(TDBC>=$U9,1,(TDBC-$B9)/($U9-$B9)))) | Y9: =IF($A9="","",IF($V9="Đã xử lý","Hoàn thành",IF(N($U9)=0,"Chưa đặt hạn",IF(TDBC>$U9,"Quá hạn",IF(ROUND((N($X9)-$W9)*100,0)>=20,"Chậm tiến độ",IF($U9-TDBC<=1,"Sắp đến hạn","Đúng tiến độ")))))) | Z9: =IF(OR($A9="",$V9="Đã xử lý",N($U9)=0),"",IF(TDBC>$U9,"Quá "&IF(((TDBC-$U9)*24)<1,MAX(1,ROUND(((TDBC-$U9)*24)*60,0))&" phút",IF(ROUND(((TDBC-$U9)*24),0)<24,ROUND(((TDBC-$U9)*24),0)&" giờ",INT(ROUND(((TDBC-$U9)*24),0)/24)&" ngày"&IF(MOD(ROUND(((TDBC-$U9)*24),0),24)>0," "&MOD(ROUND(((TDBC-$U9)*24),0),24)&" giờ",""))),"Còn "&IF((($U9-TDBC)*24)<1,MAX(1,ROUND((($U9-TDBC)*24)*60,0))&" phút",IF(ROUND((($U9-TDBC)*24),0)<24,ROUND((($U9-TDBC)*24),0)&" giờ",INT(ROUND((($U9-TDBC)*24),0)/24)&" ngày"&IF(MOD(ROUND((($U9-TDBC)*24),0),24)>0," "&MOD(ROUND((($U9-TDBC)*24),0),24)&" giờ",""))))) | AA9: =IF($V9="Đã xử lý",_xlfn.MAXIFS('Nhật ký tiến độ'!$B$6:$B$3005,'Nhật ký tiến độ'!$C$6:$C$3005,$A9,'Nhật ký tiến độ'!$E$6:$E$3005,"Đã xử lý"),"") | AB9: =IF($AI9="","",IF($AI9<1,MAX(1,ROUND($AI9*60,0))&" phút",IF(ROUND($AI9,0)<24,ROUND($AI9,0)&" giờ",INT(ROUND($AI9,0)/24)&" ngày"&IF(MOD(ROUND($AI9,0),24)>0," "&MOD(ROUND($AI9,0),24)&" giờ","")))) | AC9: =IF(OR($A9="",N($AH9)=0),"",IF($AI9<>"",IF($AI9<=$AH9,"Trong ước tính","Vượt "&IF(($AI9-$AH9)<1,MAX(1,ROUND(($AI9-$AH9)*60,0))&" phút",IF(ROUND(($AI9-$AH9),0)<24,ROUND(($AI9-$AH9),0)&" giờ",INT(ROUND(($AI9-$AH9),0)/24)&" ngày"&IF(MOD(ROUND(($AI9-$AH9),0),24)>0," "&MOD(ROUND(($AI9-$AH9),0),24)&" giờ","")))),IF(OR($V9="Đã xử lý",N($B9)=0),"",IF((TDBC-$B9)*24>$AH9,"Đã vượt ước tính","Đã dùng "&TEXT((TDBC-$B9)*24/$AH9,"0%"))))) | AD9: =IF(N($AO9)=0,"",CHOOSE($AO9,"Nhắc nhở","Cảnh báo","Báo động","Báo động đỏ")) | AE9: =IF(OR(N($AA9)=0,N($U9)=0),"",IF($AA9<=$U9,"Đúng hạn","Trễ hạn")) | AF9: =IF($A9="","",_xlfn.MAXIFS('Nhật ký tiến độ'!$B$6:$B$3005,'Nhật ký tiến độ'!$C$6:$C$3005,$A9)) | AG9: =IF($A9="","",IF(COUNTIF('Kế hoạch'!$M$6:$M$305,$A9)=0,"",COUNTIF('Kế hoạch'!$M$6:$M$305,$A9)&" việc")) | AH9: =IF(OR($A9="",N($O9)<=0),"",IF($P9="Giờ",$O9,$O9*24)) | AI9: =IF(OR(N($AA9)=0,N($B9)=0),"",IF($AA9<$B9,"",($AA9-$B9)*24)) | AJ9: =IF($A9="","",IF(COUNTIF('Nhật ký tiến độ'!$C$6:$C$3005,$A9)=0,0,_xlfn.MAXIFS('Nhật ký tiến độ'!$N$6:$N$3005,'Nhật ký tiến độ'!$C$6:$C$3005,$A9,'Nhật ký tiến độ'!$B$6:$B$3005,_xlfn.MAXIFS('Nhật ký tiến độ'!$B$6:$B$3005,'Nhật ký tiến độ'!$C$6:$C$3005,$A9)))) | AK9: =IF(OR($A9="",$V9="Đã xử lý"),"",IF(N($AO9)>0,5-$AO9,IF($J9="Khẩn cấp",5,IF($Y9="Chậm tiến độ",6,IF(OR($Y9="Sắp đến hạn",$J9="Cao"),7,""))))) | AL9: =IF($AK9="","",$AK9*100000+IF(N($U9)=0,99999,INT($U9))+ROW()/100000) | AM9: =IF(OR($A9="",TRIM($K9)="",COUNTIF($K$6:$K9,$K9)>1),0,1) | AN9: =IF($AM9=1,SUM($AM$6:$AM9),"") | AO9: =IF(OR($A9="",$V9="Đã xử lý",N($U9)=0),0,IF(TDBC<=$U9,0,MAX(1,MIN(4,IF((TDBC-$U9)*24<24,1,IF((TDBC-$U9)*24<72,2,IF((TDBC-$U9)*24<168,3,4)))+IFERROR(INDEX({2,1,0,-1},MATCH($J9,{"Khẩn cấp","Cao","Trung bình","Thấp"},0)),0)))))
U10: =IF($A10="","",IF(N($Q10)>0,IF(MOD($Q10,1)=0,$Q10+1-1/1440,$Q10),IF(N($B10)=0,"",$B10+IF(N($AH10)>0,$AH10,IFERROR(INDEX(DM_SLA_Gio,MATCH($J10,DM_SLA_Cap,0)),168))/24))) | V10: =IF($A10="","",IF(N($AJ10)=0,"Mới tiếp nhận",INDEX('Nhật ký tiến độ'!$E:$E,$AJ10))) | W10: =IF($A10="","",IF($V10="Đã xử lý",1,IF(N($AJ10)=0,0,N(INDEX('Nhật ký tiến độ'!$D:$D,$AJ10))))) | X10: =IF(OR($A10="",$V10="Đã xử lý",N($U10)=0,N($B10)=0),"",IF(TDBC<=$B10,0,IF(TDBC>=$U10,1,(TDBC-$B10)/($U10-$B10)))) | Y10: =IF($A10="","",IF($V10="Đã xử lý","Hoàn thành",IF(N($U10)=0,"Chưa đặt hạn",IF(TDBC>$U10,"Quá hạn",IF(ROUND((N($X10)-$W10)*100,0)>=20,"Chậm tiến độ",IF($U10-TDBC<=1,"Sắp đến hạn","Đúng tiến độ")))))) | Z10: =IF(OR($A10="",$V10="Đã xử lý",N($U10)=0),"",IF(TDBC>$U10,"Quá "&IF(((TDBC-$U10)*24)<1,MAX(1,ROUND(((TDBC-$U10)*24)*60,0))&" phút",IF(ROUND(((TDBC-$U10)*24),0)<24,ROUND(((TDBC-$U10)*24),0)&" giờ",INT(ROUND(((TDBC-$U10)*24),0)/24)&" ngày"&IF(MOD(ROUND(((TDBC-$U10)*24),0),24)>0," "&MOD(ROUND(((TDBC-$U10)*24),0),24)&" giờ",""))),"Còn "&IF((($U10-TDBC)*24)<1,MAX(1,ROUND((($U10-TDBC)*24)*60,0))&" phút",IF(ROUND((($U10-TDBC)*24),0)<24,ROUND((($U10-TDBC)*24),0)&" giờ",INT(ROUND((($U10-TDBC)*24),0)/24)&" ngày"&IF(MOD(ROUND((($U10-TDBC)*24),0),24)>0," "&MOD(ROUND((($U10-TDBC)*24),0),24)&" giờ",""))))) | AA10: =IF($V10="Đã xử lý",_xlfn.MAXIFS('Nhật ký tiến độ'!$B$6:$B$3005,'Nhật ký tiến độ'!$C$6:$C$3005,$A10,'Nhật ký tiến độ'!$E$6:$E$3005,"Đã xử lý"),"") | AB10: =IF($AI10="","",IF($AI10<1,MAX(1,ROUND($AI10*60,0))&" phút",IF(ROUND($AI10,0)<24,ROUND($AI10,0)&" giờ",INT(ROUND($AI10,0)/24)&" ngày"&IF(MOD(ROUND($AI10,0),24)>0," "&MOD(ROUND($AI10,0),24)&" giờ","")))) | AC10: =IF(OR($A10="",N($AH10)=0),"",IF($AI10<>"",IF($AI10<=$AH10,"Trong ước tính","Vượt "&IF(($AI10-$AH10)<1,MAX(1,ROUND(($AI10-$AH10)*60,0))&" phút",IF(ROUND(($AI10-$AH10),0)<24,ROUND(($AI10-$AH10),0)&" giờ",INT(ROUND(($AI10-$AH10),0)/24)&" ngày"&IF(MOD(ROUND(($AI10-$AH10),0),24)>0," "&MOD(ROUND(($AI10-$AH10),0),24)&" giờ","")))),IF(OR($V10="Đã xử lý",N($B10)=0),"",IF((TDBC-$B10)*24>$AH10,"Đã vượt ước tính","Đã dùng "&TEXT((TDBC-$B10)*24/$AH10,"0%"))))) | AD10: =IF(N($AO10)=0,"",CHOOSE($AO10,"Nhắc nhở","Cảnh báo","Báo động","Báo động đỏ")) | AE10: =IF(OR(N($AA10)=0,N($U10)=0),"",IF($AA10<=$U10,"Đúng hạn","Trễ hạn")) | AF10: =IF($A10="","",_xlfn.MAXIFS('Nhật ký tiến độ'!$B$6:$B$3005,'Nhật ký tiến độ'!$C$6:$C$3005,$A10)) | AG10: =IF($A10="","",IF(COUNTIF('Kế hoạch'!$M$6:$M$305,$A10)=0,"",COUNTIF('Kế hoạch'!$M$6:$M$305,$A10)&" việc")) | AH10: =IF(OR($A10="",N($O10)<=0),"",IF($P10="Giờ",$O10,$O10*24)) | AI10: =IF(OR(N($AA10)=0,N($B10)=0),"",IF($AA10<$B10,"",($AA10-$B10)*24)) | AJ10: =IF($A10="","",IF(COUNTIF('Nhật ký tiến độ'!$C$6:$C$3005,$A10)=0,0,_xlfn.MAXIFS('Nhật ký tiến độ'!$N$6:$N$3005,'Nhật ký tiến độ'!$C$6:$C$3005,$A10,'Nhật ký tiến độ'!$B$6:$B$3005,_xlfn.MAXIFS('Nhật ký tiến độ'!$B$6:$B$3005,'Nhật ký tiến độ'!$C$6:$C$3005,$A10)))) | AK10: =IF(OR($A10="",$V10="Đã xử lý"),"",IF(N($AO10)>0,5-$AO10,IF($J10="Khẩn cấp",5,IF($Y10="Chậm tiến độ",6,IF(OR($Y10="Sắp đến hạn",$J10="Cao"),7,""))))) | AL10: =IF($AK10="","",$AK10*100000+IF(N($U10)=0,99999,INT($U10))+ROW()/100000) | AM10: =IF(OR($A10="",TRIM($K10)="",COUNTIF($K$6:$K10,$K10)>1),0,1) | AN10: =IF($AM10=1,SUM($AM$6:$AM10),"") | AO10: =IF(OR($A10="",$V10="Đã xử lý",N($U10)=0),0,IF(TDBC<=$U10,0,MAX(1,MIN(4,IF((TDBC-$U10)*24<24,1,IF((TDBC-$U10)*24<72,2,IF((TDBC-$U10)*24<168,3,4)))+IFERROR(INDEX({2,1,0,-1},MATCH($J10,{"Khẩn cấp","Cao","Trung bình","Thấp"},0)),0)))))
U11: =IF($A11="","",IF(N($Q11)>0,IF(MOD($Q11,1)=0,$Q11+1-1/1440,$Q11),IF(N($B11)=0,"",$B11+IF(N($AH11)>0,$AH11,IFERROR(INDEX(DM_SLA_Gio,MATCH($J11,DM_SLA_Cap,0)),168))/24))) | V11: =IF($A11="","",IF(N($AJ11)=0,"Mới tiếp nhận",INDEX('Nhật ký tiến độ'!$E:$E,$AJ11))) | W11: =IF($A11="","",IF($V11="Đã xử lý",1,IF(N($AJ11)=0,0,N(INDEX('Nhật ký tiến độ'!$D:$D,$AJ11))))) | X11: =IF(OR($A11="",$V11="Đã xử lý",N($U11)=0,N($B11)=0),"",IF(TDBC<=$B11,0,IF(TDBC>=$U11,1,(TDBC-$B11)/($U11-$B11)))) | Y11: =IF($A11="","",IF($V11="Đã xử lý","Hoàn thành",IF(N($U11)=0,"Chưa đặt hạn",IF(TDBC>$U11,"Quá hạn",IF(ROUND((N($X11)-$W11)*100,0)>=20,"Chậm tiến độ",IF($U11-TDBC<=1,"Sắp đến hạn","Đúng tiến độ")))))) | Z11: =IF(OR($A11="",$V11="Đã xử lý",N($U11)=0),"",IF(TDBC>$U11,"Quá "&IF(((TDBC-$U11)*24)<1,MAX(1,ROUND(((TDBC-$U11)*24)*60,0))&" phút",IF(ROUND(((TDBC-$U11)*24),0)<24,ROUND(((TDBC-$U11)*24),0)&" giờ",INT(ROUND(((TDBC-$U11)*24),0)/24)&" ngày"&IF(MOD(ROUND(((TDBC-$U11)*24),0),24)>0," "&MOD(ROUND(((TDBC-$U11)*24),0),24)&" giờ",""))),"Còn "&IF((($U11-TDBC)*24)<1,MAX(1,ROUND((($U11-TDBC)*24)*60,0))&" phút",IF(ROUND((($U11-TDBC)*24),0)<24,ROUND((($U11-TDBC)*24),0)&" giờ",INT(ROUND((($U11-TDBC)*24),0)/24)&" ngày"&IF(MOD(ROUND((($U11-TDBC)*24),0),24)>0," "&MOD(ROUND((($U11-TDBC)*24),0),24)&" giờ",""))))) | AA11: =IF($V11="Đã xử lý",_xlfn.MAXIFS('Nhật ký tiến độ'!$B$6:$B$3005,'Nhật ký tiến độ'!$C$6:$C$3005,$A11,'Nhật ký tiến độ'!$E$6:$E$3005,"Đã xử lý"),"") | AB11: =IF($AI11="","",IF($AI11<1,MAX(1,ROUND($AI11*60,0))&" phút",IF(ROUND($AI11,0)<24,ROUND($AI11,0)&" giờ",INT(ROUND($AI11,0)/24)&" ngày"&IF(MOD(ROUND($AI11,0),24)>0," "&MOD(ROUND($AI11,0),24)&" giờ","")))) | AC11: =IF(OR($A11="",N($AH11)=0),"",IF($AI11<>"",IF($AI11<=$AH11,"Trong ước tính","Vượt "&IF(($AI11-$AH11)<1,MAX(1,ROUND(($AI11-$AH11)*60,0))&" phút",IF(ROUND(($AI11-$AH11),0)<24,ROUND(($AI11-$AH11),0)&" giờ",INT(ROUND(($AI11-$AH11),0)/24)&" ngày"&IF(MOD(ROUND(($AI11-$AH11),0),24)>0," "&MOD(ROUND(($AI11-$AH11),0),24)&" giờ","")))),IF(OR($V11="Đã xử lý",N($B11)=0),"",IF((TDBC-$B11)*24>$AH11,"Đã vượt ước tính","Đã dùng "&TEXT((TDBC-$B11)*24/$AH11,"0%"))))) | AD11: =IF(N($AO11)=0,"",CHOOSE($AO11,"Nhắc nhở","Cảnh báo","Báo động","Báo động đỏ")) | AE11: =IF(OR(N($AA11)=0,N($U11)=0),"",IF($AA11<=$U11,"Đúng hạn","Trễ hạn")) | AF11: =IF($A11="","",_xlfn.MAXIFS('Nhật ký tiến độ'!$B$6:$B$3005,'Nhật ký tiến độ'!$C$6:$C$3005,$A11)) | AG11: =IF($A11="","",IF(COUNTIF('Kế hoạch'!$M$6:$M$305,$A11)=0,"",COUNTIF('Kế hoạch'!$M$6:$M$305,$A11)&" việc")) | AH11: =IF(OR($A11="",N($O11)<=0),"",IF($P11="Giờ",$O11,$O11*24)) | AI11: =IF(OR(N($AA11)=0,N($B11)=0),"",IF($AA11<$B11,"",($AA11-$B11)*24)) | AJ11: =IF($A11="","",IF(COUNTIF('Nhật ký tiến độ'!$C$6:$C$3005,$A11)=0,0,_xlfn.MAXIFS('Nhật ký tiến độ'!$N$6:$N$3005,'Nhật ký tiến độ'!$C$6:$C$3005,$A11,'Nhật ký tiến độ'!$B$6:$B$3005,_xlfn.MAXIFS('Nhật ký tiến độ'!$B$6:$B$3005,'Nhật ký tiến độ'!$C$6:$C$3005,$A11)))) | AK11: =IF(OR($A11="",$V11="Đã xử lý"),"",IF(N($AO11)>0,5-$AO11,IF($J11="Khẩn cấp",5,IF($Y11="Chậm tiến độ",6,IF(OR($Y11="Sắp đến hạn",$J11="Cao"),7,""))))) | AL11: =IF($AK11="","",$AK11*100000+IF(N($U11)=0,99999,INT($U11))+ROW()/100000) | AM11: =IF(OR($A11="",TRIM($K11)="",COUNTIF($K$6:$K11,$K11)>1),0,1) | AN11: =IF($AM11=1,SUM($AM$6:$AM11),"") | AO11: =IF(OR($A11="",$V11="Đã xử lý",N($U11)=0),0,IF(TDBC<=$U11,0,MAX(1,MIN(4,IF((TDBC-$U11)*24<24,1,IF((TDBC-$U11)*24<72,2,IF((TDBC-$U11)*24<168,3,4)))+IFERROR(INDEX({2,1,0,-1},MATCH($J11,{"Khẩn cấp","Cao","Trung bình","Thấp"},0)),0)))))
U12: =IF($A12="","",IF(N($Q12)>0,IF(MOD($Q12,1)=0,$Q12+1-1/1440,$Q12),IF(N($B12)=0,"",$B12+IF(N($AH12)>0,$AH12,IFERROR(INDEX(DM_SLA_Gio,MATCH($J12,DM_SLA_Cap,0)),168))/24))) | V12: =IF($A12="","",IF(N($AJ12)=0,"Mới tiếp nhận",INDEX('Nhật ký tiến độ'!$E:$E,$AJ12))) | W12: =IF($A12="","",IF($V12="Đã xử lý",1,IF(N($AJ12)=0,0,N(INDEX('Nhật ký tiến độ'!$D:$D,$AJ12))))) | X12: =IF(OR($A12="",$V12="Đã xử lý",N($U12)=0,N($B12)=0),"",IF(TDBC<=$B12,0,IF(TDBC>=$U12,1,(TDBC-$B12)/($U12-$B12)))) | Y12: =IF($A12="","",IF($V12="Đã xử lý","Hoàn thành",IF(N($U12)=0,"Chưa đặt hạn",IF(TDBC>$U12,"Quá hạn",IF(ROUND((N($X12)-$W12)*100,0)>=20,"Chậm tiến độ",IF($U12-TDBC<=1,"Sắp đến hạn","Đúng tiến độ")))))) | Z12: =IF(OR($A12="",$V12="Đã xử lý",N($U12)=0),"",IF(TDBC>$U12,"Quá "&IF(((TDBC-$U12)*24)<1,MAX(1,ROUND(((TDBC-$U12)*24)*60,0))&" phút",IF(ROUND(((TDBC-$U12)*24),0)<24,ROUND(((TDBC-$U12)*24),0)&" giờ",INT(ROUND(((TDBC-$U12)*24),0)/24)&" ngày"&IF(MOD(ROUND(((TDBC-$U12)*24),0),24)>0," "&MOD(ROUND(((TDBC-$U12)*24),0),24)&" giờ",""))),"Còn "&IF((($U12-TDBC)*24)<1,MAX(1,ROUND((($U12-TDBC)*24)*60,0))&" phút",IF(ROUND((($U12-TDBC)*24),0)<24,ROUND((($U12-TDBC)*24),0)&" giờ",INT(ROUND((($U12-TDBC)*24),0)/24)&" ngày"&IF(MOD(ROUND((($U12-TDBC)*24),0),24)>0," "&MOD(ROUND((($U12-TDBC)*24),0),24)&" giờ",""))))) | AA12: =IF($V12="Đã xử lý",_xlfn.MAXIFS('Nhật ký tiến độ'!$B$6:$B$3005,'Nhật ký tiến độ'!$C$6:$C$3005,$A12,'Nhật ký tiến độ'!$E$6:$E$3005,"Đã xử lý"),"") | AB12: =IF($AI12="","",IF($AI12<1,MAX(1,ROUND($AI12*60,0))&" phút",IF(ROUND($AI12,0)<24,ROUND($AI12,0)&" giờ",INT(ROUND($AI12,0)/24)&" ngày"&IF(MOD(ROUND($AI12,0),24)>0," "&MOD(ROUND($AI12,0),24)&" giờ","")))) | AC12: =IF(OR($A12="",N($AH12)=0),"",IF($AI12<>"",IF($AI12<=$AH12,"Trong ước tính","Vượt "&IF(($AI12-$AH12)<1,MAX(1,ROUND(($AI12-$AH12)*60,0))&" phút",IF(ROUND(($AI12-$AH12),0)<24,ROUND(($AI12-$AH12),0)&" giờ",INT(ROUND(($AI12-$AH12),0)/24)&" ngày"&IF(MOD(ROUND(($AI12-$AH12),0),24)>0," "&MOD(ROUND(($AI12-$AH12),0),24)&" giờ","")))),IF(OR($V12="Đã xử lý",N($B12)=0),"",IF((TDBC-$B12)*24>$AH12,"Đã vượt ước tính","Đã dùng "&TEXT((TDBC-$B12)*24/$AH12,"0%"))))) | AD12: =IF(N($AO12)=0,"",CHOOSE($AO12,"Nhắc nhở","Cảnh báo","Báo động","Báo động đỏ")) | AE12: =IF(OR(N($AA12)=0,N($U12)=0),"",IF($AA12<=$U12,"Đúng hạn","Trễ hạn")) | AF12: =IF($A12="","",_xlfn.MAXIFS('Nhật ký tiến độ'!$B$6:$B$3005,'Nhật ký tiến độ'!$C$6:$C$3005,$A12)) | AG12: =IF($A12="","",IF(COUNTIF('Kế hoạch'!$M$6:$M$305,$A12)=0,"",COUNTIF('Kế hoạch'!$M$6:$M$305,$A12)&" việc")) | AH12: =IF(OR($A12="",N($O12)<=0),"",IF($P12="Giờ",$O12,$O12*24)) | AI12: =IF(OR(N($AA12)=0,N($B12)=0),"",IF($AA12<$B12,"",($AA12-$B12)*24)) | AJ12: =IF($A12="","",IF(COUNTIF('Nhật ký tiến độ'!$C$6:$C$3005,$A12)=0,0,_xlfn.MAXIFS('Nhật ký tiến độ'!$N$6:$N$3005,'Nhật ký tiến độ'!$C$6:$C$3005,$A12,'Nhật ký tiến độ'!$B$6:$B$3005,_xlfn.MAXIFS('Nhật ký tiến độ'!$B$6:$B$3005,'Nhật ký tiến độ'!$C$6:$C$3005,$A12)))) | AK12: =IF(OR($A12="",$V12="Đã xử lý"),"",IF(N($AO12)>0,5-$AO12,IF($J12="Khẩn cấp",5,IF($Y12="Chậm tiến độ",6,IF(OR($Y12="Sắp đến hạn",$J12="Cao"),7,""))))) | AL12: =IF($AK12="","",$AK12*100000+IF(N($U12)=0,99999,INT($U12))+ROW()/100000) | AM12: =IF(OR($A12="",TRIM($K12)="",COUNTIF($K$6:$K12,$K12)>1),0,1) | AN12: =IF($AM12=1,SUM($AM$6:$AM12),"") | AO12: =IF(OR($A12="",$V12="Đã xử lý",N($U12)=0),0,IF(TDBC<=$U12,0,MAX(1,MIN(4,IF((TDBC-$U12)*24<24,1,IF((TDBC-$U12)*24<72,2,IF((TDBC-$U12)*24<168,3,4)))+IFERROR(INDEX({2,1,0,-1},MATCH($J12,{"Khẩn cấp","Cao","Trung bình","Thấp"},0)),0)))))
U13: =IF($A13="","",IF(N($Q13)>0,IF(MOD($Q13,1)=0,$Q13+1-1/1440,$Q13),IF(N($B13)=0,"",$B13+IF(N($AH13)>0,$AH13,IFERROR(INDEX(DM_SLA_Gio,MATCH($J13,DM_SLA_Cap,0)),168))/24))) | V13: =IF($A13="","",IF(N($AJ13)=0,"Mới tiếp nhận",INDEX('Nhật ký tiến độ'!$E:$E,$AJ13))) | W13: =IF($A13="","",IF($V13="Đã xử lý",1,IF(N($AJ13)=0,0,N(INDEX('Nhật ký tiến độ'!$D:$D,$AJ13))))) | X13: =IF(OR($A13="",$V13="Đã xử lý",N($U13)=0,N($B13)=0),"",IF(TDBC<=$B13,0,IF(TDBC>=$U13,1,(TDBC-$B13)/($U13-$B13)))) | Y13: =IF($A13="","",IF($V13="Đã xử lý","Hoàn thành",IF(N($U13)=0,"Chưa đặt hạn",IF(TDBC>$U13,"Quá hạn",IF(ROUND((N($X13)-$W13)*100,0)>=20,"Chậm tiến độ",IF($U13-TDBC<=1,"Sắp đến hạn","Đúng tiến độ")))))) | Z13: =IF(OR($A13="",$V13="Đã xử lý",N($U13)=0),"",IF(TDBC>$U13,"Quá "&IF(((TDBC-$U13)*24)<1,MAX(1,ROUND(((TDBC-$U13)*24)*60,0))&" phút",IF(ROUND(((TDBC-$U13)*24),0)<24,ROUND(((TDBC-$U13)*24),0)&" giờ",INT(ROUND(((TDBC-$U13)*24),0)/24)&" ngày"&IF(MOD(ROUND(((TDBC-$U13)*24),0),24)>0," "&MOD(ROUND(((TDBC-$U13)*24),0),24)&" giờ",""))),"Còn "&IF((($U13-TDBC)*24)<1,MAX(1,ROUND((($U13-TDBC)*24)*60,0))&" phút",IF(ROUND((($U13-TDBC)*24),0)<24,ROUND((($U13-TDBC)*24),0)&" giờ",INT(ROUND((($U13-TDBC)*24),0)/24)&" ngày"&IF(MOD(ROUND((($U13-TDBC)*24),0),24)>0," "&MOD(ROUND((($U13-TDBC)*24),0),24)&" giờ",""))))) | AA13: =IF($V13="Đã xử lý",_xlfn.MAXIFS('Nhật ký tiến độ'!$B$6:$B$3005,'Nhật ký tiến độ'!$C$6:$C$3005,$A13,'Nhật ký tiến độ'!$E$6:$E$3005,"Đã xử lý"),"") | AB13: =IF($AI13="","",IF($AI13<1,MAX(1,ROUND($AI13*60,0))&" phút",IF(ROUND($AI13,0)<24,ROUND($AI13,0)&" giờ",INT(ROUND($AI13,0)/24)&" ngày"&IF(MOD(ROUND($AI13,0),24)>0," "&MOD(ROUND($AI13,0),24)&" giờ","")))) | AC13: =IF(OR($A13="",N($AH13)=0),"",IF($AI13<>"",IF($AI13<=$AH13,"Trong ước tính","Vượt "&IF(($AI13-$AH13)<1,MAX(1,ROUND(($AI13-$AH13)*60,0))&" phút",IF(ROUND(($AI13-$AH13),0)<24,ROUND(($AI13-$AH13),0)&" giờ",INT(ROUND(($AI13-$AH13),0)/24)&" ngày"&IF(MOD(ROUND(($AI13-$AH13),0),24)>0," "&MOD(ROUND(($AI13-$AH13),0),24)&" giờ","")))),IF(OR($V13="Đã xử lý",N($B13)=0),"",IF((TDBC-$B13)*24>$AH13,"Đã vượt ước tính","Đã dùng "&TEXT((TDBC-$B13)*24/$AH13,"0%"))))) | AD13: =IF(N($AO13)=0,"",CHOOSE($AO13,"Nhắc nhở","Cảnh báo","Báo động","Báo động đỏ")) | AE13: =IF(OR(N($AA13)=0,N($U13)=0),"",IF($AA13<=$U13,"Đúng hạn","Trễ hạn")) | AF13: =IF($A13="","",_xlfn.MAXIFS('Nhật ký tiến độ'!$B$6:$B$3005,'Nhật ký tiến độ'!$C$6:$C$3005,$A13)) | AG13: =IF($A13="","",IF(COUNTIF('Kế hoạch'!$M$6:$M$305,$A13)=0,"",COUNTIF('Kế hoạch'!$M$6:$M$305,$A13)&" việc")) | AH13: =IF(OR($A13="",N($O13)<=0),"",IF($P13="Giờ",$O13,$O13*24)) | AI13: =IF(OR(N($AA13)=0,N($B13)=0),"",IF($AA13<$B13,"",($AA13-$B13)*24)) | AJ13: =IF($A13="","",IF(COUNTIF('Nhật ký tiến độ'!$C$6:$C$3005,$A13)=0,0,_xlfn.MAXIFS('Nhật ký tiến độ'!$N$6:$N$3005,'Nhật ký tiến độ'!$C$6:$C$3005,$A13,'Nhật ký tiến độ'!$B$6:$B$3005,_xlfn.MAXIFS('Nhật ký tiến độ'!$B$6:$B$3005,'Nhật ký tiến độ'!$C$6:$C$3005,$A13)))) | AK13: =IF(OR($A13="",$V13="Đã xử lý"),"",IF(N($AO13)>0,5-$AO13,IF($J13="Khẩn cấp",5,IF($Y13="Chậm tiến độ",6,IF(OR($Y13="Sắp đến hạn",$J13="Cao"),7,""))))) | AL13: =IF($AK13="","",$AK13*100000+IF(N($U13)=0,99999,INT($U13))+ROW()/100000) | AM13: =IF(OR($A13="",TRIM($K13)="",COUNTIF($K$6:$K13,$K13)>1),0,1) | AN13: =IF($AM13=1,SUM($AM$6:$AM13),"") | AO13: =IF(OR($A13="",$V13="Đã xử lý",N($U13)=0),0,IF(TDBC<=$U13,0,MAX(1,MIN(4,IF((TDBC-$U13)*24<24,1,IF((TDBC-$U13)*24<72,2,IF((TDBC-$U13)*24<168,3,4)))+IFERROR(INDEX({2,1,0,-1},MATCH($J13,{"Khẩn cấp","Cao","Trung bình","Thấp"},0)),0)))))
U14: =IF($A14="","",IF(N($Q14)>0,IF(MOD($Q14,1)=0,$Q14+1-1/1440,$Q14),IF(N($B14)=0,"",$B14+IF(N($AH14)>0,$AH14,IFERROR(INDEX(DM_SLA_Gio,MATCH($J14,DM_SLA_Cap,0)),168))/24))) | V14: =IF($A14="","",IF(N($AJ14)=0,"Mới tiếp nhận",INDEX('Nhật ký tiến độ'!$E:$E,$AJ14))) | W14: =IF($A14="","",IF($V14="Đã xử lý",1,IF(N($AJ14)=0,0,N(INDEX('Nhật ký tiến độ'!$D:$D,$AJ14))))) | X14: =IF(OR($A14="",$V14="Đã xử lý",N($U14)=0,N($B14)=0),"",IF(TDBC<=$B14,0,IF(TDBC>=$U14,1,(TDBC-$B14)/($U14-$B14)))) | Y14: =IF($A14="","",IF($V14="Đã xử lý","Hoàn thành",IF(N($U14)=0,"Chưa đặt hạn",IF(TDBC>$U14,"Quá hạn",IF(ROUND((N($X14)-$W14)*100,0)>=20,"Chậm tiến độ",IF($U14-TDBC<=1,"Sắp đến hạn","Đúng tiến độ")))))) | Z14: =IF(OR($A14="",$V14="Đã xử lý",N($U14)=0),"",IF(TDBC>$U14,"Quá "&IF(((TDBC-$U14)*24)<1,MAX(1,ROUND(((TDBC-$U14)*24)*60,0))&" phút",IF(ROUND(((TDBC-$U14)*24),0)<24,ROUND(((TDBC-$U14)*24),0)&" giờ",INT(ROUND(((TDBC-$U14)*24),0)/24)&" ngày"&IF(MOD(ROUND(((TDBC-$U14)*24),0),24)>0," "&MOD(ROUND(((TDBC-$U14)*24),0),24)&" giờ",""))),"Còn "&IF((($U14-TDBC)*24)<1,MAX(1,ROUND((($U14-TDBC)*24)*60,0))&" phút",IF(ROUND((($U14-TDBC)*24),0)<24,ROUND((($U14-TDBC)*24),0)&" giờ",INT(ROUND((($U14-TDBC)*24),0)/24)&" ngày"&IF(MOD(ROUND((($U14-TDBC)*24),0),24)>0," "&MOD(ROUND((($U14-TDBC)*24),0),24)&" giờ",""))))) | AA14: =IF($V14="Đã xử lý",_xlfn.MAXIFS('Nhật ký tiến độ'!$B$6:$B$3005,'Nhật ký tiến độ'!$C$6:$C$3005,$A14,'Nhật ký tiến độ'!$E$6:$E$3005,"Đã xử lý"),"") | AB14: =IF($AI14="","",IF($AI14<1,MAX(1,ROUND($AI14*60,0))&" phút",IF(ROUND($AI14,0)<24,ROUND($AI14,0)&" giờ",INT(ROUND($AI14,0)/24)&" ngày"&IF(MOD(ROUND($AI14,0),24)>0," "&MOD(ROUND($AI14,0),24)&" giờ","")))) | AC14: =IF(OR($A14="",N($AH14)=0),"",IF($AI14<>"",IF($AI14<=$AH14,"Trong ước tính","Vượt "&IF(($AI14-$AH14)<1,MAX(1,ROUND(($AI14-$AH14)*60,0))&" phút",IF(ROUND(($AI14-$AH14),0)<24,ROUND(($AI14-$AH14),0)&" giờ",INT(ROUND(($AI14-$AH14),0)/24)&" ngày"&IF(MOD(ROUND(($AI14-$AH14),0),24)>0," "&MOD(ROUND(($AI14-$AH14),0),24)&" giờ","")))),IF(OR($V14="Đã xử lý",N($B14)=0),"",IF((TDBC-$B14)*24>$AH14,"Đã vượt ước tính","Đã dùng "&TEXT((TDBC-$B14)*24/$AH14,"0%"))))) | AD14: =IF(N($AO14)=0,"",CHOOSE($AO14,"Nhắc nhở","Cảnh báo","Báo động","Báo động đỏ")) | AE14: =IF(OR(N($AA14)=0,N($U14)=0),"",IF($AA14<=$U14,"Đúng hạn","Trễ hạn")) | AF14: =IF($A14="","",_xlfn.MAXIFS('Nhật ký tiến độ'!$B$6:$B$3005,'Nhật ký tiến độ'!$C$6:$C$3005,$A14)) | AG14: =IF($A14="","",IF(COUNTIF('Kế hoạch'!$M$6:$M$305,$A14)=0,"",COUNTIF('Kế hoạch'!$M$6:$M$305,$A14)&" việc")) | AH14: =IF(OR($A14="",N($O14)<=0),"",IF($P14="Giờ",$O14,$O14*24)) | AI14: =IF(OR(N($AA14)=0,N($B14)=0),"",IF($AA14<$B14,"",($AA14-$B14)*24)) | AJ14: =IF($A14="","",IF(COUNTIF('Nhật ký tiến độ'!$C$6:$C$3005,$A14)=0,0,_xlfn.MAXIFS('Nhật ký tiến độ'!$N$6:$N$3005,'Nhật ký tiến độ'!$C$6:$C$3005,$A14,'Nhật ký tiến độ'!$B$6:$B$3005,_xlfn.MAXIFS('Nhật ký tiến độ'!$B$6:$B$3005,'Nhật ký tiến độ'!$C$6:$C$3005,$A14)))) | AK14: =IF(OR($A14="",$V14="Đã xử lý"),"",IF(N($AO14)>0,5-$AO14,IF($J14="Khẩn cấp",5,IF($Y14="Chậm tiến độ",6,IF(OR($Y14="Sắp đến hạn",$J14="Cao"),7,""))))) | AL14: =IF($AK14="","",$AK14*100000+IF(N($U14)=0,99999,INT($U14))+ROW()/100000) | AM14: =IF(OR($A14="",TRIM($K14)="",COUNTIF($K$6:$K14,$K14)>1),0,1) | AN14: =IF($AM14=1,SUM($AM$6:$AM14),"") | AO14: =IF(OR($A14="",$V14="Đã xử lý",N($U14)=0),0,IF(TDBC<=$U14,0,MAX(1,MIN(4,IF((TDBC-$U14)*24<24,1,IF((TDBC-$U14)*24<72,2,IF((TDBC-$U14)*24<168,3,4)))+IFERROR(INDEX({2,1,0,-1},MATCH($J14,{"Khẩn cấp","Cao","Trung bình","Thấp"},0)),0)))))
